Position	S-Major	S-Minor	S-Ratio	N-Major	N-Minor	N-Ratio	S-Coverage	S-Bases	N-Coverage	N-Bases
143.0	A	G	0.00579430226944	A	G	0.00322788896062	2071.0	defaultdict(<type 'int'>, {'A': 960, 'a': 1098, 'c': 1, 'G': 7, 'g': 5})	3098.0	defaultdict(<type 'int'>, {'A': 1391, 'a': 1697, 'g': 4, 'G': 6})
146.0	T	C	0.006506506506509999	-	-	-	1998.0	defaultdict(<type 'int'>, {'C': 6, 'c': 7, 'T': 968, 't': 1017})	-	-
152.0	C	T	0.00760286225403	C	T	0.0015408320493099999	2236.0	defaultdict(<type 'int'>, {'c': 1109, 't': 7, 'C': 1110, 'T': 10})	3245.0	defaultdict(<type 'int'>, {'c': 1780, 't': 2, 'C': 1459, 'G': 1, 'T': 3})
189.0	G	A	0.06972111553780001	G	A	0.0581867388363	502.0	defaultdict(<type 'int'>, {'A': 20, 'a': 15, 'G': 377, 'g': 90})	739.0	defaultdict(<type 'int'>, {'a': 32, 'A': 11, 'G': 496, 'g': 200})
192.0	C	T	0.08242950108460001	C	T	0.0673234811166	461.0	defaultdict(<type 'int'>, {'C': 352, 'c': 71, 'T': 23, 't': 15})	609.0	defaultdict(<type 'int'>, {'c': 120, 'C': 448, 't': 31, 'T': 10})
194.0	T	C	0.058035714285699994	T	C	0.0104895104895	448.0	defaultdict(<type 'int'>, {'c': 10, 'C': 16, 'T': 353, 't': 69})	572.0	defaultdict(<type 'int'>, {'C': 2, 'c': 4, 't': 117, 'T': 449})
195.0	C	T	0.033519553072599996	-	-	-	537.0	defaultdict(<type 'int'>, {'c': 74, 'C': 445, 't': 6, 'T': 12})	-	-
196.0	C	T	0.0322580645161	-	-	-	589.0	defaultdict(<type 'int'>, {'C': 492, 'c': 78, 't': 6, 'T': 13})	-	-
199.0	T	C	0.018378378378400003	-	-	-	925.0	defaultdict(<type 'int'>, {'C': 12, 'c': 5, 't': 241, 'T': 667})	-	-
207.0	A	G	0.0160984848485	-	-	-	1056.0	defaultdict(<type 'int'>, {'A': 700, 'a': 339, 'G': 13, 'g': 4})	-	-
235.0	A	G	0.0025252525252499997	-	-	-	1584.0	defaultdict(<type 'int'>, {'A': 613, 'a': 967, 'g': 2, 'G': 2})	-	-
250.0	T	C	0.00779727095517	-	-	-	1539.0	defaultdict(<type 'int'>, {'c': 10, 'C': 2, 't': 931, 'G': 1, 'T': 595})	-	-
302.0	A	C	0.013071895424799999	A	C	0.0102040816327	918.0	defaultdict(<type 'int'>, {'A': 759, 'a': 147, 'c': 6, 'C': 6})	1568.0	defaultdict(<type 'int'>, {'A': 1300, 'a': 251, 'c': 11, 'C': 5, 'g': 1})
310.0	T	C	0.09007164790169998	T	C	0.08842652795839999	977.0	defaultdict(<type 'int'>, {'C': 61, 'c': 27, 't': 244, 'T': 645})	1538.0	defaultdict(<type 'int'>, {'C': 79, 'c': 57, 't': 403, 'T': 999})
316.0	G	C	0.011207970112100002	G	C	0.017004048583	1606.0	defaultdict(<type 'int'>, {'G': 633, 'c': 11, 'C': 7, 'g': 955})	2470.0	defaultdict(<type 'int'>, {'g': 1604, 'c': 24, 'C': 18, 'G': 824})
385.0	A	G	0.00676818950931	-	-	-	1773.0	defaultdict(<type 'int'>, {'A': 1217, 'a': 544, 'G': 7, 'g': 5})	-	-
658.0	G	C	0.00323232323232	-	-	-	2475.0	defaultdict(<type 'int'>, {'C': 4, 'c': 4, 'G': 1139, 'g': 1328})	-	-
709.0	A	G	0.00883256528418	A	G	0.0039499670836099995	2604.0	defaultdict(<type 'int'>, {'A': 1519, 'a': 1062, 'G': 7, 'g': 16})	3038.0	defaultdict(<type 'int'>, {'a': 1235, 'A': 1790, 'g': 9, 'G': 3, 't': 1})
1082.0	A	G	0.00363489499192	-	-	-	2476.0	defaultdict(<type 'int'>, {'a': 1049, 'A': 1417, 'C': 1, 'G': 2, 'g': 7})	-	-
1148.0	A	G	0.00295683027794	-	-	-	1691.0	defaultdict(<type 'int'>, {'a': 668, 'A': 1017, 'C': 1, 'G': 2, 'g': 3})	-	-
1240.0	A	C	0.0011857707509899998	-	-	-	2530.0	defaultdict(<type 'int'>, {'A': 1650, 'a': 875, 'C': 1, 'c': 2, 'T': 2})	-	-
1243.0	C	T	0.00479704797048	-	-	-	2710.0	defaultdict(<type 'int'>, {'a': 1, 'A': 1, 'C': 1581, 'c': 1114, 'T': 9, 't': 4})	-	-
1447.0	G	A	0.00207325501037	-	-	-	2894.0	defaultdict(<type 'int'>, {'A': 3, 'a': 3, 'G': 1195, 'g': 1693})	-	-
1552.0	G	A	0.0013995801259600001	-	-	-	2858.0	defaultdict(<type 'int'>, {'a': 2, 'A': 2, 'c': 1, 'G': 1425, 'g': 1428})	-	-
1578.0	A	G	0.0013995801259600001	-	-	-	2858.0	defaultdict(<type 'int'>, {'a': 1149, 'A': 1704, 'G': 2, 't': 1, 'g': 2})	-	-
1719.0	G	A	0.0035298270384799997	-	-	-	2833.0	defaultdict(<type 'int'>, {'a': 2, 'A': 8, 'G': 1483, 'g': 1340})	-	-
2402.0	A	G	0.0017519271198299998	-	-	-	2854.0	defaultdict(<type 'int'>, {'A': 1008, 'a': 1841, 'g': 3, 'G': 2})	-	-
2528.0	G	A	0.0039447731755400004	-	-	-	2535.0	defaultdict(<type 'int'>, {'A': 4, 'a': 6, 'G': 1064, 'g': 1461})	-	-
2558.0	A	G	0.00149745432764	-	-	-	3339.0	defaultdict(<type 'int'>, {'a': 1802, 'A': 1532, 'G': 3, 'g': 2})	-	-
2596.0	G	A	0.00414805360562	-	-	-	3134.0	defaultdict(<type 'int'>, {'a': 8, 'A': 5, 'C': 1, 'G': 1404, 'g': 1715, 'c': 1})	-	-
2635.0	G	A	0.0013736263736300002	-	-	-	2912.0	defaultdict(<type 'int'>, {'A': 2, 'a': 2, 'G': 1604, 'g': 1304})	-	-
3038.0	T	C	0.00266260935717	T	C	0.00352303523035	2629.0	defaultdict(<type 'int'>, {'c': 3, 'C': 4, 't': 1134, 'T': 1488})	3690.0	defaultdict(<type 'int'>, {'C': 5, 'c': 8, 't': 1766, 'G': 1, 'T': 1910})
3143.0	T	C	0.00729660707771	-	-	-	2741.0	defaultdict(<type 'int'>, {'C': 11, 'c': 9, 't': 1598, 'T': 1123})	-	-
3178.0	T	C	0.00261437908497	-	-	-	3060.0	defaultdict(<type 'int'>, {'C': 3, 'c': 5, 't': 1888, 'T': 1164})	-	-
3505.0	G	A	0.0037664783427499996	G	A	0.00167410714286	2655.0	defaultdict(<type 'int'>, {'a': 6, 'A': 4, 'G': 1169, 'g': 1476})	3584.0	defaultdict(<type 'int'>, {'a': 3, 'A': 3, 'G': 1472, 'g': 2106})
3531.0	A	G	0.00555748523793	A	G	0.0029388191290399997	2879.0	defaultdict(<type 'int'>, {'a': 1518, 'A': 1345, 'g': 8, 'G': 8})	3743.0	defaultdict(<type 'int'>, {'A': 1771, 'a': 1960, 'G': 2, 'g': 9, 't': 1})
3615.0	A	G	0.00421813799337	-	-	-	3319.0	defaultdict(<type 'int'>, {'a': 1369, 'A': 1936, 'g': 3, 'G': 11})	-	-
3643.0	G	A	0.00170415814588	-	-	-	2934.0	defaultdict(<type 'int'>, {'a': 2, 'A': 3, 'g': 1176, 'G': 1752, 'T': 1})	-	-
3653.0	T	C	0.00227272727273	-	-	-	2640.0	defaultdict(<type 'int'>, {'C': 2, 'c': 4, 't': 1122, 'g': 1, 'T': 1511})	-	-
3918.0	G	A	0.0035650623885900004	-	-	-	2805.0	defaultdict(<type 'int'>, {'A': 6, 'a': 4, 'G': 1503, 'g': 1292})	-	-
4129.0	A	G	0.0021815008726	-	-	-	2292.0	defaultdict(<type 'int'>, {'a': 1414, 'A': 873, 'G': 3, 'g': 2})	-	-
4529.0	A	T	0.0027301092043699998	-	-	-	2564.0	defaultdict(<type 'int'>, {'a': 909, 'A': 1648, 't': 3, 'T': 4})	-	-
4799.0	C	A	0.00162932790224	-	-	-	2455.0	defaultdict(<type 'int'>, {'A': 2, 'a': 2, 'c': 1274, 'C': 1177})	-	-
5046.0	A	G	0.00703182827535	-	-	-	2702.0	defaultdict(<type 'int'>, {'a': 1353, 'A': 1329, 'g': 9, 'G': 10, 't': 1})	-	-
5074.0	T	C	0.00391304347826	-	-	-	2300.0	defaultdict(<type 'int'>, {'a': 1, 'c': 2, 'C': 7, 't': 949, 'T': 1341})	-	-
5096.0	T	C	0.00457456541629	-	-	-	2186.0	defaultdict(<type 'int'>, {'C': 4, 'c': 6, 't': 922, 'T': 1254})	-	-
5460.0	A	G	0.00685166152792	-	-	-	2919.0	defaultdict(<type 'int'>, {'a': 1502, 'A': 1396, 'c': 1, 'G': 6, 'g': 14})	-	-
5700.0	T	C	0.00362756952842	-	-	-	1654.0	defaultdict(<type 'int'>, {'C': 2, 'c': 4, 'T': 993, 't': 655})	-	-
6337.0	T	C	0.00113992590482	-	-	-	3509.0	defaultdict(<type 'int'>, {'C': 2, 'c': 2, 'T': 1639, 't': 1866})	-	-
6481.0	T	C	0.0061099796334	-	-	-	2946.0	defaultdict(<type 'int'>, {'c': 7, 'C': 11, 'T': 1390, 't': 1538})	-	-
6924.0	G	A	0.005905511811020001	-	-	-	2540.0	defaultdict(<type 'int'>, {'A': 11, 'a': 4, 'G': 1396, 'g': 1129})	-	-
7042.0	T	C	0.0023522493384299996	-	-	-	3401.0	defaultdict(<type 'int'>, {'c': 4, 'C': 4, 't': 1822, 'g': 1, 'T': 1570})	-	-
7560.0	T	C	0.005424063116369999	-	-	-	2028.0	defaultdict(<type 'int'>, {'C': 3, 'a': 1, 'c': 8, 't': 1256, 'T': 760})	-	-
7741.0	T	C	0.0022361359570700003	-	-	-	2236.0	defaultdict(<type 'int'>, {'c': 2, 'C': 3, 'T': 1213, 'g': 1, 't': 1017})	-	-
7830.0	G	A	0.00224529890542	-	-	-	3563.0	defaultdict(<type 'int'>, {'a': 4, 'A': 4, 'G': 1691, 'g': 1864})	-	-
8742.0	A	G	0.00359712230216	-	-	-	2502.0	defaultdict(<type 'int'>, {'a': 951, 'A': 1542, 'g': 4, 'G': 5})	-	-
8975.0	T	C	0.00169952413324	-	-	-	2942.0	defaultdict(<type 'int'>, {'C': 3, 'A': 1, 'c': 2, 't': 1352, 'T': 1584})	-	-
8994.0	A	G	0.0063361908311599996	-	-	-	2683.0	defaultdict(<type 'int'>, {'A': 1260, 'a': 1406, 'G': 6, 'g': 11})	-	-
9187.0	T	C	0.0126793460127	T	C	0.00825593395253	2997.0	defaultdict(<type 'int'>, {'C': 17, 'c': 21, 't': 1673, 'T': 1286})	3876.0	defaultdict(<type 'int'>, {'c': 18, 'C': 14, 't': 2220, 'T': 1624})
9247.0	G	A	0.00239664469742	-	-	-	3338.0	defaultdict(<type 'int'>, {'a': 5, 'A': 3, 'G': 1676, 'g': 1653, 't': 1})	-	-
9377.0	A	C	0.0045662100456599995	A	G	0.00286532951289	1533.0	defaultdict(<type 'int'>, {'a': 677, 'A': 849, 'C': 5, 'c': 2})	1396.0	defaultdict(<type 'int'>, {'a': 773, 'A': 619, 'G': 2, 'g': 2})
9632.0	A	G	0.00465282748747	-	-	-	2794.0	defaultdict(<type 'int'>, {'a': 1189, 'A': 1592, 'G': 6, 'g': 7})	-	-
9967.0	T	C	0.00278260869565	-	-	-	2875.0	defaultdict(<type 'int'>, {'C': 3, 'c': 5, 't': 1644, 'T': 1223})	-	-
10034.0	T	C	0.007211538461540001	-	-	-	1664.0	defaultdict(<type 'int'>, {'A': 1, 'c': 3, 'C': 9, 't': 543, 'T': 1108})	-	-
10238.0	T	C	0.00398230088496	-	-	-	2260.0	defaultdict(<type 'int'>, {'c': 4, 'C': 5, 't': 1125, 'T': 1126})	-	-
10398.0	A	G	0.00386597938144	-	-	-	2328.0	defaultdict(<type 'int'>, {'A': 1288, 'a': 1031, 'G': 6, 'g': 3})	-	-
10548.0	A	C	0.0014916467780400002	-	-	-	3352.0	defaultdict(<type 'int'>, {'a': 1484, 'A': 1863, 'c': 2, 'C': 3})	-	-
10953.0	T	C	0.0016534391534400001	-	-	-	3024.0	defaultdict(<type 'int'>, {'c': 3, 'C': 2, 'T': 1182, 't': 1837})	-	-
11022.0	C	T	0.0016196954972499998	-	-	-	3087.0	defaultdict(<type 'int'>, {'C': 1671, 't': 2, 'c': 1411, 'T': 3})	-	-
11456.0	G	A	0.00122324159021	-	-	-	3270.0	defaultdict(<type 'int'>, {'A': 2, 'a': 2, 'C': 1, 'G': 1564, 'g': 1700, 'T': 1})	-	-
11518.0	G	A	0.007444168734489999	-	-	-	3627.0	defaultdict(<type 'int'>, {'a': 13, 'A': 14, 'G': 1853, 'g': 1747})	-	-
11674.0	T	C	0.00696748506967	-	-	-	3014.0	defaultdict(<type 'int'>, {'C': 13, 'c': 8, 'T': 1981, 't': 1012})	-	-
11914.0	G	A	0.0014797277301000001	G	A	0.0026278069756300003	3379.0	defaultdict(<type 'int'>, {'a': 3, 'A': 2, 'G': 1710, 'g': 1663, 'T': 1})	4186.0	defaultdict(<type 'int'>, {'a': 5, 'A': 6, 'C': 2, 'G': 2165, 'g': 2008})
12148.0	T	C	0.00130165961601	-	-	-	3073.0	defaultdict(<type 'int'>, {'c': 2, 'C': 2, 't': 1546, 'T': 1523})	-	-
12192.0	G	A	0.00296735905045	-	-	-	2696.0	defaultdict(<type 'int'>, {'A': 5, 'a': 3, 'G': 1168, 'g': 1520})	-	-
12414.0	C	T	0.00581846392552	-	-	-	2578.0	defaultdict(<type 'int'>, {'c': 866, 't': 6, 'C': 1697, 'T': 9})	-	-
12470.0	T	C	0.0013249420337899998	-	-	-	3019.0	defaultdict(<type 'int'>, {'C': 2, 'c': 2, 't': 1697, 'T': 1318})	-	-
12501.0	G	A	0.00440690414983	-	-	-	2723.0	defaultdict(<type 'int'>, {'A': 6, 'a': 6, 'c': 1, 'G': 1512, 'g': 1198})	-	-
12823.0	G	A	0.00340599455041	-	-	-	2936.0	defaultdict(<type 'int'>, {'A': 5, 'a': 5, 'c': 1, 'G': 1437, 'g': 1488})	-	-
12842.0	T	C	0.0018214936247699998	-	-	-	2745.0	defaultdict(<type 'int'>, {'c': 3, 'C': 2, 't': 1341, 'T': 1399})	-	-
13052.0	G	A	0.00178997613365	-	-	-	3352.0	defaultdict(<type 'int'>, {'a': 3, 'A': 3, 'c': 1, 'g': 1644, 'G': 1698, 'T': 1, 't': 2})	-	-
13096.0	G	A	0.0021538461538499996	-	-	-	3250.0	defaultdict(<type 'int'>, {'A': 5, 'a': 2, 'G': 1837, 'g': 1406})	-	-
13105.0	A	G	0.004206098843320001	-	-	-	2853.0	defaultdict(<type 'int'>, {'a': 1129, 'A': 1712, 'G': 5, 'g': 7})	-	-
13327.0	A	G	0.0018143332325399998	-	-	-	3307.0	defaultdict(<type 'int'>, {'A': 1733, 'a': 1568, 'g': 3, 'G': 3})	-	-
13359.0	G	A	0.0035273368606700004	-	-	-	3402.0	defaultdict(<type 'int'>, {'A': 9, 'a': 3, 'G': 1735, 'g': 1655})	-	-
13375.0	A	G	0.002106002106	-	-	-	2849.0	defaultdict(<type 'int'>, {'a': 1203, 'A': 1638, 'C': 1, 'G': 4, 'g': 2, 'c': 1})	-	-
13570.0	A	C	0.0010298661174	-	-	-	2913.0	defaultdict(<type 'int'>, {'a': 1293, 'A': 1615, 'c': 2, 'C': 1, 'g': 2})	-	-
13780.0	A	G	0.00368052999632	-	-	-	2717.0	defaultdict(<type 'int'>, {'a': 1227, 'A': 1480, 'G': 4, 'g': 6})	-	-
13790.0	A	G	0.004621400639890001	-	-	-	2813.0	defaultdict(<type 'int'>, {'a': 1112, 'A': 1688, 'g': 4, 'G': 9})	-	-
13888.0	T	C	0.007723761926399999	T	C	0.0016954899966099997	2201.0	defaultdict(<type 'int'>, {'C': 11, 'c': 6, 't': 820, 'G': 1, 'T': 1363})	2949.0	defaultdict(<type 'int'>, {'c': 3, 'C': 2, 't': 1315, 'T': 1629})
13997.0	A	G	0.00373514431239	-	-	-	2945.0	defaultdict(<type 'int'>, {'a': 1114, 'A': 1820, 'g': 3, 'G': 8})	-	-
14088.0	T	C	0.004931714719270001	-	-	-	2636.0	defaultdict(<type 'int'>, {'c': 8, 'C': 5, 't': 1455, 'G': 1, 'T': 1167})	-	-
14233.0	A	G	0.00403521643434	-	-	-	2726.0	defaultdict(<type 'int'>, {'a': 1583, 'A': 1132, 'g': 6, 'G': 5})	-	-
14663.0	G	A	0.005449591280649999	-	-	-	2569.0	defaultdict(<type 'int'>, {'A': 8, 'a': 6, 'g': 1465, 'G': 1090})	-	-
15033.0	T	A	0.00136388434261	-	-	-	3666.0	defaultdict(<type 'int'>, {'A': 3, 'a': 2, 'C': 2, 'T': 1889, 't': 1770})	-	-
15043.0	G	A	0.00260671228413	-	-	-	3069.0	defaultdict(<type 'int'>, {'A': 6, 'a': 2, 'G': 1699, 'g': 1362})	-	-
15055.0	T	C	0.00163532297629	-	-	-	3669.0	defaultdict(<type 'int'>, {'C': 3, 'c': 3, 'T': 2172, 't': 1491})	-	-
15180.0	T	C	0.00147232037691	-	-	-	3396.0	defaultdict(<type 'int'>, {'c': 3, 'C': 2, 't': 1771, 'g': 1, 'T': 1619})	-	-
15596.0	G	A	0.0019480519480500002	-	-	-	3080.0	defaultdict(<type 'int'>, {'a': 3, 'A': 3, 'g': 1853, 'G': 1220, 'T': 1})	-	-
15884.0	C	G	0.0033670033669999998	-	-	-	2970.0	defaultdict(<type 'int'>, {'g': 5, 'c': 1963, 'C': 997, 'G': 5})	-	-
15924.0	A	G	0.00472813238771	-	-	-	2538.0	defaultdict(<type 'int'>, {'A': 1652, 'a': 874, 'G': 7, 'g': 5})	-	-
16129.0	G	A	0.0053317535545000004	G	A	0.004098360655739999	1688.0	defaultdict(<type 'int'>, {'a': 4, 'A': 5, 'G': 742, 'g': 937})	1952.0	defaultdict(<type 'int'>, {'a': 6, 'A': 2, 'G': 907, 'g': 1037})
16148.0	C	T	0.00853413654618	C	T	0.00514851485149	1992.0	defaultdict(<type 'int'>, {'C': 1129, 't': 6, 'c': 846, 'T': 11})	2525.0	defaultdict(<type 'int'>, {'g': 1, 'C': 1478, 'c': 1033, 'T': 6, 't': 7})
16240.0	A	C	0.015027322404399999	A	C	0.0206631427198	2928.0	defaultdict(<type 'int'>, {'A': 1576, 'a': 1308, 'C': 21, 'c': 23})	4162.0	defaultdict(<type 'int'>, {'a': 1907, 'A': 2169, 'c': 39, 'C': 47})
16259.0	C	G	0.0012987012987	-	-	-	3080.0	defaultdict(<type 'int'>, {'g': 2, 'c': 1650, 'C': 1426, 'G': 2})	-	-
16278.0	C	T	0.00447141488342	-	-	-	3131.0	defaultdict(<type 'int'>, {'C': 1646, 'c': 1471, 't': 7, 'T': 7})	-	-
16293.0	A	G	0.00213827512473	-	-	-	2806.0	defaultdict(<type 'int'>, {'A': 1709, 'a': 1090, 'c': 1, 'G': 4, 'g': 2})	-	-
16354.0	C	T	0.00613496932515	-	-	-	3586.0	defaultdict(<type 'int'>, {'c': 2175, 't': 10, 'C': 1388, 'g': 1, 'T': 12})	-	-
16391.0	G	A	0.00497366881217	-	-	-	3418.0	defaultdict(<type 'int'>, {'a': 9, 'A': 8, 'G': 1729, 'g': 1672})	-	-
64.0	-	-	-	C	T	0.0020207852194	-	-	3464.0	defaultdict(<type 'int'>, {'c': 1675, 'C': 1782, 'T': 2, 't': 5})
368.0	-	-	-	A	G	0.00174034110686	-	-	2873.0	defaultdict(<type 'int'>, {'a': 1147, 'A': 1720, 'C': 1, 'g': 2, 'G': 3})
523.0	-	-	-	A	C	0.00411146642302	-	-	2189.0	defaultdict(<type 'int'>, {'a': 910, 'A': 1269, 'c': 3, 'C': 6, 'T': 1})
827.0	-	-	-	A	G	0.00214534727809	-	-	3729.0	defaultdict(<type 'int'>, {'A': 1708, 'a': 2013, 'g': 3, 'G': 5})
1301.0	-	-	-	G	C	0.00113352981183	-	-	4411.0	defaultdict(<type 'int'>, {'a': 1, 'c': 2, 'C': 3, 'g': 2365, 'G': 2040})
2535.0	-	-	-	A	G	0.0012059089538699998	-	-	3317.0	defaultdict(<type 'int'>, {'a': 1906, 'A': 1407, 'g': 2, 'G': 2})
2623.0	-	-	-	A	G	0.00291005291005	-	-	3780.0	defaultdict(<type 'int'>, {'A': 1953, 'a': 1816, 'G': 6, 'g': 5})
2894.0	-	-	-	T	C	0.00115506786024	-	-	3463.0	defaultdict(<type 'int'>, {'c': 2, 'C': 2, 't': 1534, 'T': 1925})
3242.0	-	-	-	G	A	0.00171232876712	-	-	3504.0	defaultdict(<type 'int'>, {'a': 3, 'A': 3, 'G': 2279, 'g': 1219})
3244.0	-	-	-	G	A	0.0019331676332500001	-	-	3621.0	defaultdict(<type 'int'>, {'A': 5, 'a': 2, 'G': 2330, 'g': 1284})
5193.0	-	-	-	C	G	0.00125352554058	-	-	3191.0	defaultdict(<type 'int'>, {'g': 2, 'c': 1471, 'C': 1716, 'G': 2})
6359.0	-	-	-	A	G	0.0011040574109900001	-	-	3623.0	defaultdict(<type 'int'>, {'a': 1446, 'A': 2172, 'C': 1, 'g': 2, 'G': 2})
6396.0	-	-	-	A	G	0.0013605442176900001	-	-	2940.0	defaultdict(<type 'int'>, {'A': 1809, 'a': 1126, 'g': 2, 'T': 1, 'G': 2})
6756.0	-	-	-	T	C	0.00147666863556	-	-	3386.0	defaultdict(<type 'int'>, {'C': 2, 'A': 1, 'c': 3, 't': 1821, 'T': 1559})
7904.0	-	-	-	A	G	0.00141276194961	-	-	4247.0	defaultdict(<type 'int'>, {'a': 2126, 'A': 2115, 'g': 4, 'G': 2})
7935.0	-	-	-	T	C	0.0010157440325	-	-	3938.0	defaultdict(<type 'int'>, {'c': 2, 'C': 2, 'T': 2141, 'g': 1, 't': 1792})
8723.0	-	-	-	G	A	0.00135639199729	-	-	2949.0	defaultdict(<type 'int'>, {'A': 2, 'a': 2, 'C': 1, 'G': 1574, 'g': 1370})
8876.0	-	-	-	T	G	0.00114722753346	-	-	2615.0	defaultdict(<type 'int'>, {'C': 2, 't': 1046, 'G': 3, 'T': 1564})
8936.0	-	-	-	T	C	0.00111825552139	-	-	3577.0	defaultdict(<type 'int'>, {'C': 2, 'c': 2, 't': 1363, 'T': 2210})
9932.0	-	-	-	G	A	0.0016229375169100001	-	-	3697.0	defaultdict(<type 'int'>, {'A': 2, 'a': 4, 'G': 1456, 'g': 2235})
9987.0	-	-	-	T	C	0.00129032258065	-	-	3100.0	defaultdict(<type 'int'>, {'C': 2, 'c': 2, 't': 1726, 'T': 1370})
12290.0	-	-	-	A	C	0.00105596620908	-	-	2841.0	defaultdict(<type 'int'>, {'a': 1264, 'A': 1572, 'C': 3, 'G': 2})
13030.0	-	-	-	T	C	0.00104684637529	-	-	3821.0	defaultdict(<type 'int'>, {'c': 2, 'C': 2, 't': 2170, 'T': 1647})
13681.0	-	-	-	A	G	0.00126063662149	-	-	3173.0	defaultdict(<type 'int'>, {'A': 1985, 'a': 1181, 'c': 3, 'G': 1, 'g': 3})
13812.0	-	-	-	T	C	0.0011560693641600001	-	-	4325.0	defaultdict(<type 'int'>, {'c': 2, 'C': 3, 't': 2419, 'T': 1901})
15723.0	-	-	-	G	A	0.00133440085402	-	-	3747.0	defaultdict(<type 'int'>, {'A': 3, 'a': 2, 'G': 1572, 'g': 2170})
15927.0	-	-	-	G	T	0.00103057368602	-	-	2911.0	defaultdict(<type 'int'>, {'A': 2, 't': 1, 'g': 1061, 'G': 1845, 'T': 2})
15937.0	-	-	-	A	G	0.00127388535032	-	-	3140.0	defaultdict(<type 'int'>, {'A': 1784, 'a': 1350, 'C': 1, 'G': 2, 'g': 2, 't': 1})
16093.0	-	-	-	T	C	0.0017464198393299997	-	-	2863.0	defaultdict(<type 'int'>, {'c': 3, 'C': 2, 'T': 1980, 't': 878})
16124.0	-	-	-	T	C	0.00250125062531	-	-	1999.0	defaultdict(<type 'int'>, {'c': 2, 'C': 3, 'T': 904, 't': 1090})
16165.0	-	-	-	A	G	0.00129785853342	-	-	3082.0	defaultdict(<type 'int'>, {'a': 1157, 'A': 1921, 'g': 2, 'G': 2})
16311.0	-	-	-	T	C	0.0020477815699700003	-	-	4395.0	defaultdict(<type 'int'>, {'c': 3, 'C': 6, 'T': 2557, 't': 1829})
