Sequence Name,Predicted Haplogroup,N,Nph,Nph_tot,Nph_exp,P_Hg,Missing sites
Contig.1,H2a2a1,50,49,49,49,100.000,
Contig.1,H2a2a1b,50,49,50,50,98.000,Transition(9299)
Contig.1,H2a2a1d,50,49,50,50,98.000,Transition(16172)
Contig.1,H2a2a1e,50,49,50,50,98.000,Transition(8182)
Contig.1,H2a2a1f,50,49,50,50,98.000,Transition(93)
Contig.1,H2a2a1a,50,49,50,50,98.000,Transition(15314)
Contig.1,H2a2a1c,50,49,51,51,96.078,Transition(6632);Transition(16051)
Contig.1,H2a2a,50,48,48,48,100.000,
Contig.1,H2a2a1g,50,48,48,48,100.000,
Contig.1,H2a2a2,50,47,48,48,97.917,Transition(6716)
Contig.1,H2a2,50,46,46,46,100.000,
Contig.1,H2a2_16235,50,46,47,47,97.872,Transition(16235)
Contig.1,H2a2b,50,46,48,48,95.833,Transition(16235);Transition(16291)
Contig.1,H2a2b3,50,46,49,49,93.878,Transition(4080);Transition(16235);Transition(16291)
Contig.1,H2a2b2,50,46,49,49,93.878,Transition(8634);Transition(16235);Transition(16291)
Contig.1,H2a2b1,50,46,49,49,93.878,Transition(16235);Transition(16291);Transition(16293)
Contig.1,H2a2b5,50,46,49,49,93.878,Transition(14305);Transition(16235);Transition(16291)
Contig.1,H2a2b4,50,46,49,49,93.878,Transition(5460);Transition(16235);Transition(16291)
Contig.1,H2a2b1a,50,46,50,50,92.000,Transversion(3388);Transition(16235);Transition(16291);Transition(16293)
Contig.1,H2a2b1a1,50,46,51,51,90.196,Transversion(3388);Transition(16235);Transition(16291);Transition(16293);Transition(16400)
Contig.1,H2a,50,45,45,45,100.000,
Contig.1,H2a5,50,45,46,46,97.826,Transition(13708)
Contig.1,H2a4,50,45,46,46,97.826,Transition(11140)
Contig.1,H2a5a,50,45,47,47,95.745,Transition(1842);Transition(13708)
Contig.1,H2a5b,50,45,47,47,95.745,Transition(8843);Transition(13708)
Contig.1,H2a1,50,45,47,47,95.745,Transition(951);Transition(16354)
Contig.1,H2a5b1,50,45,48,48,93.750,Deletion(249);Transition(8843);Transition(13708)
Contig.1,H2a1c,50,45,48,48,93.750,Transition(951);Transition(3834);Transition(16354)
Contig.1,H2a1e,50,45,48,48,93.750,Transition(575);Transition(951);Transition(16354)
Contig.1,H2a1g,50,45,48,48,93.750,Transition(951);Transition(8065);Transition(16354)
Contig.1,H2a1f,50,45,48,48,93.750,Transition(951);Transition(16193);Transition(16354)
Contig.1,H2a5a1,50,45,48,48,93.750,Transition(1842);Transition(13708);Transition(16291)
Contig.1,H2a5b2,50,45,49,49,91.837,Transition(8843);Transition(11086);Transition(13708);Transition(16183)
Contig.1,H2a1e1,50,45,49,49,91.837,Transition(575);Transition(751);Transition(951);Transition(16354)
Contig.1,H2a1a,50,45,49,49,91.837,Transition(951);Transition(6173);Transition(13095);Transition(16354)
Contig.1,H2a1b,50,45,49,49,91.837,Transition(951);Transition(5978);Transition(13395);Transition(16354)
Contig.1,H2a5a1a,50,45,49,49,91.837,Transition(1842);Transition(4592);Transition(13708);Transition(16291)
Contig.1,H2a5a1b,50,45,49,49,91.837,Transition(1842);Transition(11233);Transition(13708);Transition(16291)
Contig.1,H2a2b5a,50,45,49,49,91.837,Transition(12954);Transition(14305);Transition(16235);Transition(16291)
Contig.1,H2a1e1a,50,45,50,50,90.000,Transition(575);Transition(751);Transition(951);Transition(16124);Transition(16354)
Contig.1,H2,50,44,44,44,100.000,
Contig.1,H2a3,50,44,45,45,97.778,Transition(16274)
Contig.1,H2a3b,50,44,46,46,95.652,Transition(14693);Transition(16274)
Contig.1,H2a3a,50,44,46,46,95.652,Transition(1462);Transition(16274)
Contig.1,H2a3a1,50,44,47,47,93.617,Transition(1462);Transition(2749);Transition(16274)
Contig.1,H2a1d,50,44,48,48,91.667,Transition(951);Transition(6260);Transition(8679);Transition(16354)
Contig.1,H,50,43,43,43,100.000,
Contig.1,H73,50,43,44,44,97.727,Transversion(4221)
Contig.1,H71,50,43,44,44,97.727,Transition(6164)
Contig.1,H10,50,43,44,44,97.727,Transversion(14470)
Contig.1,H13,50,43,44,44,97.727,Transition(14872)
Contig.1,H16,50,43,44,44,97.727,Transition(10394)
Contig.1,H3am,50,43,44,44,97.727,Transition(6776)
Contig.1,H33,50,43,44,44,97.727,Transition(11447)
Contig.1,H30,50,43,44,44,97.727,Transition(8200)
Contig.1,H54,50,43,44,44,97.727,Transition(5585)
Contig.1,H55,50,43,44,44,97.727,Transition(10646)
Contig.1,H56,50,43,44,44,97.727,Transition(11788)
Contig.1,H50,50,43,44,44,97.727,Transition(14831)
Contig.1,H51,50,43,44,44,97.727,Transition(11440)
Contig.1,H53,50,43,44,44,97.727,Transition(9380)
Contig.1,H65,50,43,44,44,97.727,Transition(15784)
Contig.1,H67,50,43,44,44,97.727,Transition(13147)
Contig.1,H66,50,43,44,44,97.727,Transition(7337)
Contig.1,H28,50,43,44,44,97.727,Transversion(186)
Contig.1,H25,50,43,44,44,97.727,Transition(9620)
Contig.1,H24,50,43,44,44,97.727,Transition(16293)
Contig.1,H26,50,43,44,44,97.727,Transition(11152)
Contig.1,H20,50,43,44,44,97.727,Transition(16218)
Contig.1,H23,50,43,44,44,97.727,Transition(10211)
Contig.1,H100,50,43,44,44,97.727,Transition(12358)
Contig.1,H60,50,43,44,44,97.727,Transition(5108)
Contig.1,H62,50,43,44,44,97.727,Transition(14344)
Contig.1,H83,50,43,44,44,97.727,Transition(16212)
Contig.1,H82,50,43,44,44,97.727,Transition(16220)
Contig.1,H81,50,43,44,44,97.727,Transition(15172)
Contig.1,H87,50,43,44,44,97.727,Transition(8188)
Contig.1,H86,50,43,44,44,97.727,Transition(1809)
Contig.1,H84,50,43,44,44,97.727,Transition(1888)
Contig.1,H88,50,43,44,44,97.727,Transition(8596)
Contig.1,H58,50,43,44,44,97.727,Transition(15466)
Contig.1,H5'36,50,43,44,44,97.727,Transition(456)
Contig.1,H_16291,50,43,44,44,97.727,Transition(16291)
Contig.1,H35,50,43,44,44,97.727,Transition(3342)
Contig.1,H39,50,43,44,44,97.727,Transition(16299)
Contig.1,H78,50,43,44,44,97.727,Transition(7002)
Contig.1,H79,50,43,44,44,97.727,Transition(12397)
Contig.1,H70,50,43,44,44,97.727,Transition(9033)
Contig.1,H92,50,43,44,44,97.727,Transition(9497)
Contig.1,H93,50,43,44,44,97.727,Transition(3535)
Contig.1,H95,50,43,44,44,97.727,Transition(11069)
Contig.1,H3,50,43,44,44,97.727,Transition(6776)
Contig.1,H1,50,43,44,44,97.727,Transition(3010)
Contig.1,H7,50,43,44,44,97.727,Transition(4793)
Contig.1,H59,50,43,44,44,97.727,Transition(12674)
Contig.1,H45,50,43,44,44,97.727,Transition(8843)
Contig.1,H44,50,43,44,44,97.727,Transition(5442)
Contig.1,H43,50,43,44,44,97.727,Transition(7202)
Contig.1,H42,50,43,44,44,97.727,Transition(9758)
Contig.1,H41,50,43,44,44,97.727,Transition(15617)
Contig.1,H40,50,43,44,44,97.727,Transition(7621)
Contig.1,H49,50,43,44,44,97.727,Transition(11560)
Contig.1,H48,50,43,44,44,97.727,Transition(11016)
Contig.1,H1br,50,43,45,45,95.556,Transition(3010);Transition(10454)
Contig.1,H7b,50,43,45,45,95.556,Transition(4793);Transition(5348)
Contig.1,H7c,50,43,45,45,95.556,Transition(4793);Transversion(6296)
Contig.1,H75,50,43,45,45,95.556,Transition(5821);Transition(8592)
Contig.1,H66a,50,43,45,45,95.556,Transition(7337);Transition(16172)
Contig.1,H1p,50,43,45,45,95.556,Transition(3010);Transition(13470)
Contig.1,H1q,50,43,45,45,95.556,Transition(3010);Transition(4859)
Contig.1,H1r,50,43,45,45,95.556,Transition(3010);Transition(9356)
Contig.1,H1s,50,43,45,45,95.556,Transition(3010);Transition(8572)
Contig.1,H1t,50,43,45,45,95.556,Transition(3010);Transition(9986)
Contig.1,H1u,50,43,45,45,95.556,Transition(3010);Transition(9923)
Contig.1,H1v,50,43,45,45,95.556,Transition(3010);Transition(10314)
Contig.1,H1w,50,43,45,45,95.556,Transition(3010);Transition(8966)
Contig.1,H1h,50,43,45,45,95.556,Transition(3010);Transition(7013)
Contig.1,H1j,50,43,45,45,95.556,Transition(3010);Transition(4733)
Contig.1,H1m,50,43,45,45,95.556,Transition(3010);Transition(15323)
Contig.1,H1c,50,43,45,45,95.556,Transition(477);Transition(3010)
Contig.1,H1e,50,43,45,45,95.556,Transition(3010);Transition(5460)
Contig.1,H13a,50,43,45,45,95.556,Transition(2259);Transition(14872)
Contig.1,H18,50,43,45,45,95.556,Transition(13708);Transition(14364)
Contig.1,H1ak,50,43,45,45,95.556,Transition(3010);Transition(3666)
Contig.1,H14,50,43,45,45,95.556,Transition(7645);Transition(10217)
Contig.1,H1ag,50,43,45,45,95.556,Transition(3010);Transition(14869)
Contig.1,H49b,50,43,45,45,95.556,Transition(11560);Transition(15223)
Contig.1,H49a,50,43,45,45,95.556,Transition(11560);Transition(15058)
Contig.1,H1ap,50,43,45,45,95.556,Transition(3010);Transition(8410)
Contig.1,H7f,50,43,45,45,95.556,Transition(4793);Transition(16168)
Contig.1,H13b,50,43,45,45,95.556,Transition(4107);Transition(14872)
Contig.1,H7g,50,43,45,45,95.556,Transition(4793);Transversion(7472)
Contig.1,H79a,50,43,45,45,95.556,Transition(3010);Transition(12397)
Contig.1,H1au,50,43,45,45,95.556,Transition(3010);Transition(16148)
Contig.1,H7a,50,43,45,45,95.556,Transition(1719);Transition(4793)
Contig.1,H3ad,50,43,45,45,95.556,Transversion(5054);Transition(6776)
Contig.1,H3ae,50,43,45,45,95.556,Transition(6776);Transition(12441)
Contig.1,H3ag,50,43,45,45,95.556,Transition(6293);Transition(6776)
Contig.1,H3ac,50,43,45,45,95.556,Transition(6266);Transition(6776)
Contig.1,H3an,50,43,45,45,95.556,Transition(251);Transition(6776)
Contig.1,H3ao,50,43,45,45,95.556,Transition(6776);Transition(16256)
Contig.1,H3ah,50,43,45,45,95.556,Transition(6776);Transition(10247)
Contig.1,H3ai,50,43,45,45,95.556,Transition(6776);Transition(9693)
Contig.1,H3aj,50,43,45,45,95.556,Transition(6776);Transition(8718)
Contig.1,H3at,50,43,45,45,95.556,Transition(6776);Transition(15224)
Contig.1,H3au,50,43,45,45,95.556,Transition(6776);Transition(12372)
Contig.1,H3ar,50,43,45,45,95.556,Transition(6776);Transition(10310)
Contig.1,H3as,50,43,45,45,95.556,Transition(6776);Transition(9316)
Contig.1,H1av,50,43,45,45,95.556,Transition(3010);Transition(7762)
Contig.1,H59a,50,43,45,45,95.556,Transition(10283);Transition(12674)
Contig.1,H1bk,50,43,45,45,95.556,Transition(3010);Transition(11084)
Contig.1,H1bd,50,43,45,45,95.556,Transition(3010);Transition(9966)
Contig.1,H1ba,50,43,45,45,95.556,Transition(3010);Transition(16270)
Contig.1,H1bv,50,43,45,45,95.556,Transition(3010);Transition(12681)
Contig.1,H1_16239,50,43,45,45,95.556,Transition(3010);Transition(16239)
Contig.1,H1by,50,43,45,45,95.556,Transition(3010);Transition(9921)
Contig.1,H63,50,43,45,45,95.556,Transition(2159);Transition(14193)
Contig.1,H22,50,43,45,45,95.556,Transition(16145);Transition(16227)
Contig.1,H10d,50,43,45,45,95.556,Transition(533);Transversion(14470)
Contig.1,H10a,50,43,45,45,95.556,Transition(4216);Transversion(14470)
Contig.1,H10b,50,43,45,45,95.556,Transition(9091);Transversion(14470)
Contig.1,H1bs,50,43,45,45,95.556,Transition(3010);Transversion(16220)
Contig.1,H1n,50,43,45,45,95.556,Transition(2098);Transition(3010)
Contig.1,H34,50,43,45,45,95.556,Transition(15519);Transition(16291)
Contig.1,H1bt,50,43,45,45,95.556,Transition(3010);Transition(16527)
Contig.1,H33a,50,43,45,45,95.556,Transition(3507);Transition(11447)
Contig.1,H58a,50,43,45,45,95.556,Transition(15466);Transition(15721)
Contig.1,H1aj,50,43,45,45,95.556,Transition(3010);Transition(14133)
Contig.1,H1ai,50,43,45,45,95.556,Transition(3010);Transition(15088)
Contig.1,H1am,50,43,45,45,95.556,Transition(3010);Transversion(4763)
Contig.1,H1af,50,43,45,45,95.556,Transition(3010);Transition(16357)
Contig.1,H1ae,50,43,45,45,95.556,Transition(3010);Transition(15553)
Contig.1,H1az,50,43,45,45,95.556,Transition(3010);Transition(8308)
Contig.1,H1ay,50,43,45,45,95.556,Transition(3010);Transition(9708)
Contig.1,H1as,50,43,45,45,95.556,Transition(3010);Transition(4688)
Contig.1,H1aq,50,43,45,45,95.556,Transition(3010);Transition(13386)
Contig.1,H1at,50,43,45,45,95.556,Transition(3010);Transition(15758)
Contig.1,H13c,50,43,45,45,95.556,Transition(8206);Transition(14872)
Contig.1,H61,50,43,45,45,95.556,Transition(1842);Transition(11641)
Contig.1,H56b,50,43,45,45,95.556,Transition(11788);Transition(12696)
Contig.1,H56a,50,43,45,45,95.556,Transition(11788);Transition(13145)
Contig.1,H40a,50,43,45,45,95.556,Insertion(5752);Transition(7621)
Contig.1,H26a,50,43,45,45,95.556,Transition(9545);Transition(11152)
Contig.1,H64,50,43,45,45,95.556,Transition(11150);Transition(16291)
Contig.1,H1bw,50,43,45,45,95.556,Transition(3010);Transition(8478)
Contig.1,H57,50,43,45,45,95.556,Transition(64);Deletion(4317)
Contig.1,H20c,50,43,45,45,95.556,Transition(7334);Transition(16218)
Contig.1,H20a,50,43,45,45,95.556,Transition(16218);Transversion(16328)
Contig.1,H3b,50,43,45,45,95.556,Transition(2581);Transition(6776)
Contig.1,H3c,50,43,45,45,95.556,Transition(6776);Transition(12957)
Contig.1,H3r,50,43,45,45,95.556,Transition(961);Transition(6776)
Contig.1,H3p,50,43,45,45,95.556,Transition(6776);Transition(16222)
Contig.1,H3q,50,43,45,45,95.556,Transition(3970);Transition(6776)
Contig.1,H3v,50,43,45,45,95.556,Transversion(408);Transition(6776)
Contig.1,H3t,50,43,45,45,95.556,Transition(6776);Transition(7148)
Contig.1,H3u,50,43,45,45,95.556,Transition(6776);Transition(9966)
Contig.1,H3z,50,43,45,45,95.556,Transition(293);Transition(6776)
Contig.1,H3x,50,43,45,45,95.556,Transition(6776);Transition(16368)
Contig.1,H1bn,50,43,45,45,95.556,Transition(3010);Transition(8245)
Contig.1,H1bm,50,43,45,45,95.556,Transition(3010);Transition(4216)
Contig.1,H1bj,50,43,45,45,95.556,Transition(3010);Transition(10295)
Contig.1,H1bi,50,43,45,45,95.556,Transition(3010);Transition(3745)
Contig.1,H35a,50,43,45,45,95.556,Transition(3342);Transition(11253)
Contig.1,H16b,50,43,45,45,95.556,Transition(9129);Transition(10394)
Contig.1,H77,50,43,45,45,95.556,Insertion(291);Transition(8387)
Contig.1,H94,50,43,45,45,95.556,Transition(14323);Transition(16355)
Contig.1,H7h,50,43,45,45,95.556,Transition(4793);Transition(16213)
Contig.1,H7d,50,43,45,45,95.556,Transition(4793);Transition(15409)
Contig.1,H5,50,43,45,45,95.556,Transition(456);Transition(16304)
Contig.1,H1bq,50,43,45,45,95.556,Transition(3010);Transition(14467)
Contig.1,H1bp,50,43,45,45,95.556,Transition(3010);Transition(10003)
Contig.1,H10_16093,50,43,45,45,95.556,Transversion(14470);Transition(16093)
Contig.1,H30b,50,43,45,45,95.556,Transition(3010);Transition(8200)
Contig.1,H39b,50,43,45,45,95.556,Transition(5892);Transition(16299)
Contig.1,H3aa,50,43,45,45,95.556,Transition(6776);Transition(10535)
Contig.1,H60a,50,43,45,45,95.556,Transition(5108);Transition(6971)
Contig.1,H24b,50,43,45,45,95.556,Transition(1719);Transition(16293)
Contig.1,H24a,50,43,45,45,95.556,Transition(3333);Transition(16293)
Contig.1,H47,50,43,45,45,95.556,Transition(9530);Transition(12633)
Contig.1,H1c19,50,43,46,46,93.478,Transition(477);Transition(3010);Transition(7379)
Contig.1,H1c16,50,43,46,46,93.478,Transition(477);Transition(3010);Transition(6267)
Contig.1,H1c17,50,43,46,46,93.478,Transition(477);Transition(3010);Transversion(15325)
Contig.1,H1c15,50,43,46,46,93.478,Transition(477);Transition(3010);Insertion(12310)
Contig.1,H1c12,50,43,46,46,93.478,Transition(477);Transition(3010);Transition(4484)
Contig.1,H1c13,50,43,46,46,93.478,Transition(477);Transition(3010);Transition(8645)
Contig.1,H1c11,50,43,46,46,93.478,Transition(477);Transition(3010);Transition(6629)
Contig.1,H1q2,50,43,46,46,93.478,Transition(3010);Transition(4859);Transition(15941)
Contig.1,H1q1,50,43,46,46,93.478,Transition(3010);Transition(4859);Transition(12366)
Contig.1,H24a2,50,43,46,46,93.478,Transition(3333);Transition(11440);Transition(16293)
Contig.1,H51a,50,43,46,46,93.478,Transition(10704);Transition(11440);Transition(14239)
Contig.1,H74,50,43,46,46,93.478,Transversion(72);Transition(12753);Transition(14488)
Contig.1,H72,50,43,46,46,93.478,Transition(6647);Transition(13785);Transition(15927)
Contig.1,H3v_16093,50,43,46,46,93.478,Transversion(408);Transition(6776);Transition(16093)
Contig.1,H10b1,50,43,46,46,93.478,Transition(9091);Transition(12153);Transversion(14470)
Contig.1,H1ae1,50,43,46,46,93.478,Transition(3010);Transition(8470);Transition(15553)
Contig.1,H15,50,43,46,46,93.478,Transition(55);Transition(57);Transition(6253)
Contig.1,H5_16192,50,43,46,46,93.478,Transition(456);Transition(16192);Transition(16304)
Contig.1,H67a,50,43,46,46,93.478,Transition(5174);Transition(8347);Transition(13147)
Contig.1,H42a,50,43,46,46,93.478,Transition(5498);Transition(9758);Transition(16294)
Contig.1,H1u1,50,43,46,46,93.478,Transition(3010);Transition(7975);Transition(9923)
Contig.1,H1bf,50,43,46,46,93.478,Transition(3010);Transition(13768);Transition(16239)
Contig.1,H1ba1,50,43,46,46,93.478,Transition(3010);Transition(16270);Transition(16276)
Contig.1,H1au1,50,43,46,46,93.478,Transition(3010);Transversion(11515);Transition(16148)
Contig.1,H7e,50,43,46,46,93.478,Transition(4793);Transversion(8026);Transition(9527)
Contig.1,H49a1,50,43,46,46,93.478,Transition(5082);Transition(11560);Transition(15058)
Contig.1,H3ab,50,43,46,46,93.478,Transition(4386);Transition(6776);Transition(10724)
Contig.1,H33b,50,43,46,46,93.478,Transition(11447);Transition(16172);Transition(16400)
Contig.1,H33c,50,43,46,46,93.478,Transition(10373);Transition(11447);Transition(16188)
Contig.1,H10a1,50,43,46,46,93.478,Transition(4216);Transversion(14470);Transition(16114)
Contig.1,H1c22,50,43,46,46,93.478,Transition(477);Transition(3010);Transition(10679)
Contig.1,H1c20,50,43,46,46,93.478,Transition(477);Transition(3010);Transition(8730)
Contig.1,H5d,50,43,46,46,93.478,Transition(456);Transition(5082);Transition(16304)
Contig.1,H5e,50,43,46,46,93.478,Transition(456);Transition(16294);Transition(16304)
Contig.1,H5f,50,43,46,46,93.478,Transition(456);Transition(6425);Transition(16304)
Contig.1,H5g,50,43,46,46,93.478,Transition(456);Transition(16304);Transition(16325)
Contig.1,H5a,50,43,46,46,93.478,Transition(456);Transition(4336);Transition(16304)
Contig.1,H5b,50,43,46,46,93.478,Transition(456);Transition(5471);Transition(16304)
Contig.1,H5c,50,43,46,46,93.478,Transition(456);Transition(12127);Transition(16304)
Contig.1,H1be,50,43,46,46,93.478,Transition(3010);Transition(10750);Transition(13035)
Contig.1,H5u,50,43,46,46,93.478,Transition(456);Transition(16304);Transition(16400)
Contig.1,H5p,50,43,46,46,93.478,Transition(456);Transition(15930);Transition(16304)
Contig.1,H1av1,50,43,46,46,93.478,Transition(150);Transition(3010);Transition(7762)
Contig.1,H1at1,50,43,46,46,93.478,Transition(3010);Transition(7337);Transition(15758)
Contig.1,H26a1,50,43,46,46,93.478,Transition(9545);Transition(11152);Transition(13500)
Contig.1,H1bx,50,43,46,46,93.478,Transition(789);Transition(3010);Transition(8740)
Contig.1,H29,50,43,46,46,93.478,Transition(93);Insertion(573);Transition(5582)
Contig.1,H1am1,50,43,46,46,93.478,Transition(3010);Transversion(4763);Transversion(5309)
Contig.1,H10e,50,43,46,46,93.478,Transversion(14470);Transition(16093);Transition(16221)
Contig.1,H10g,50,43,46,46,93.478,Transversion(14470);Transition(16093);Transition(16272)
Contig.1,H10f,50,43,46,46,93.478,Transition(1842);Transversion(14470);Transition(16093)
Contig.1,H13b_16362,50,43,46,46,93.478,Transition(4107);Transition(14872);Transition(16362)
Contig.1,H10c,50,43,46,46,93.478,Transition(709);Transition(6734);Transversion(14470)
Contig.1,H66a1,50,43,46,46,93.478,Transition(7337);Transition(16172);Transition(16527)
Contig.1,H65a,50,43,46,46,93.478,Transition(3010);Transition(7805);Transition(15784)
Contig.1,H1t2,50,43,46,46,93.478,Transition(3010);Transition(5978);Transition(9986)
Contig.1,H3e,50,43,46,46,93.478,Transition(1618);Transition(6776);Transition(15592)
Contig.1,H44a,50,43,46,46,93.478,Transition(5442);Transition(9932);Transition(14149)
Contig.1,H1ai1,50,43,46,46,93.478,Transition(3010);Transition(6722);Transition(15088)
Contig.1,H1t1,50,43,46,46,93.478,Transition(3010);Transition(9986);Transition(14129)
Contig.1,H1ar,50,43,46,46,93.478,Transition(183);Transition(3010);Transition(16468)
Contig.1,H14b,50,43,46,46,93.478,Transition(3197);Transition(7645);Transition(10217)
Contig.1,H7c4,50,43,46,46,93.478,Transition(4793);Transversion(6296);Transversion(16265)
Contig.1,H7c2,50,43,46,46,93.478,Transition(4793);Transversion(6296);Transition(13959)
Contig.1,H7c1,50,43,46,46,93.478,Transition(4793);Transversion(6296);Transition(16265)
Contig.1,H85,50,43,46,46,93.478,Transition(6323);Transition(16291);Transition(16390)
Contig.1,H1v1,50,43,46,46,93.478,Transition(3010);Transition(4313);Transition(10314)
Contig.1,H89,50,43,46,46,93.478,Transition(6932);Transition(8068);Transition(12696)
Contig.1,H3r1,50,43,46,46,93.478,Transition(961);Transition(1888);Transition(6776)
Contig.1,H40b,50,43,46,46,93.478,Transition(7444);Transition(7621);Transition(7678)
Contig.1,H1ah,50,43,46,46,93.478,Transition(3010);Transition(8950);Transition(12507)
Contig.1,H13a2,50,43,46,46,93.478,Transition(709);Transition(2259);Transition(14872)
Contig.1,H13a1,50,43,46,46,93.478,Transition(2259);Transition(4745);Transition(14872)
Contig.1,H7a1,50,43,46,46,93.478,Transition(1719);Transition(4793);Transition(16261)
Contig.1,H1e6,50,43,46,46,93.478,Transition(3010);Transition(5460);Transition(9554)
Contig.1,H1e4,50,43,46,46,93.478,Transition(3010);Transition(3316);Transition(5460)
Contig.1,H1e2,50,43,46,46,93.478,Transition(3010);Transition(5460);Transition(15817)
Contig.1,H1e1,50,43,46,46,93.478,Transition(3010);Transition(5460);Transition(8512)
Contig.1,H1ae2,50,43,46,46,93.478,Transition(3010);Transition(11696);Transition(15553)
Contig.1,H1as2,50,43,46,46,93.478,Transition(980);Transition(3010);Transition(4688)
Contig.1,H3q1,50,43,46,46,93.478,Transition(3970);Transition(6776);Transition(12236)
Contig.1,H3c1,50,43,46,46,93.478,Transition(1536);Transition(6776);Transition(12957)
Contig.1,H1c21,50,43,46,46,93.478,Transition(477);Transition(3010);Transition(4767)
Contig.1,H1af1,50,43,46,46,93.478,Transition(3010);Transition(15646);Transition(16357)
Contig.1,H1af2,50,43,46,46,93.478,Transition(3010);Transition(4137);Transition(16357)
Contig.1,H1bh,50,43,46,46,93.478,Transition(3010);Transition(11377);Transition(16239)
Contig.1,H45b,50,43,46,46,93.478,Transition(4164);Transition(8843);Transition(12130)
Contig.1,H5n,50,43,46,46,93.478,Transition(373);Transition(456);Transition(16304)
Contig.1,H1c2,50,43,46,46,93.478,Transition(477);Transition(3010);Transition(12858)
Contig.1,H56a1,50,43,46,46,93.478,Transition(4654);Transition(11788);Transition(13145)
Contig.1,H1ag1,50,43,46,46,93.478,Transition(3010);Transition(6272);Transition(14869)
Contig.1,H7b1,50,43,46,46,93.478,Transition(4793);Transition(5348);Transition(12351)
Contig.1,H7b3,50,43,46,46,93.478,Transition(3335);Transition(4793);Transition(5348)
Contig.1,H7b2,50,43,46,46,93.478,Transition(4793);Transition(5348);Transition(13323)
Contig.1,H7b5,50,43,46,46,93.478,Transition(4793);Transition(5348);Transition(11314)
Contig.1,H7b4,50,43,46,46,93.478,Transition(4688);Transition(4793);Transition(5348)
Contig.1,H7b6,50,43,46,46,93.478,Transition(4793);Transition(5348);Transition(15942)
Contig.1,H45a,50,43,46,46,93.478,Transition(8843);Transition(9039);Transition(12192)
Contig.1,H1bu,50,43,46,46,93.478,Transition(1811);Transition(3010);Transition(5558)
Contig.1,H6,50,43,46,46,93.478,Transition(239);Transition(16362);Transition(16482)
Contig.1,H4,50,43,46,46,93.478,Transition(3992);Transition(5004);Transition(9123)
Contig.1,H28a,50,43,46,46,93.478,Transversion(186);Transition(8715);Transition(11191)
Contig.1,H3ao1,50,43,46,46,93.478,Transition(6776);Transition(16170);Transition(16256)
Contig.1,H30a,50,43,46,46,93.478,Transition(8200);Transition(12133);Transition(14979)
Contig.1,H39a,50,43,46,46,93.478,Transition(709);Transition(16169);Transition(16299)
Contig.1,H55a,50,43,46,46,93.478,Transition(3387);Transition(4709);Transition(10646)
Contig.1,H1ak2,50,43,46,46,93.478,Transition(3010);Transition(3666);Transition(4435)
Contig.1,H1ak1,50,43,46,46,93.478,Transition(3010);Transition(3666);Transition(5393)
Contig.1,H13c1,50,43,46,46,93.478,Transition(5568);Transition(8206);Transition(14872)
Contig.1,H7d3,50,43,46,46,93.478,Transition(4793);Transition(12630);Transition(15409)
Contig.1,H1j4,50,43,46,46,93.478,Transition(3010);Transition(4733);Transition(16312)
Contig.1,H1j3,50,43,46,46,93.478,Transition(3010);Transition(4733);Transition(5249)
Contig.1,H1c4,50,43,46,46,93.478,Transition(477);Transition(3010);Transition(13759)
Contig.1,H1c5,50,43,46,46,93.478,Transition(477);Transition(3010);Transition(8803)
Contig.1,H1c6,50,43,46,46,93.478,Transition(477);Transition(3010);Transition(5979)
Contig.1,H1c7,50,43,46,46,93.478,Transition(477);Transition(3010);Transition(14350)
Contig.1,H13a2a,50,43,47,47,91.489,Transition(709);Transition(1008);Transition(2259);Transition(14872)
Contig.1,H1c18,50,43,47,47,91.489,Transition(477);Transition(3010);Transition(4562);Transition(12636)
Contig.1,H1c10,50,43,47,47,91.489,Transition(477);Transition(3010);Transition(3531);Transversion(8417)
Contig.1,H1av1a,50,43,47,47,91.489,Transition(150);Transition(3010);Transition(4674);Transition(7762)
Contig.1,H1ag1b,50,43,47,47,91.489,Transition(3010);Transition(6272);Transition(6734);Transition(14869)
Contig.1,H1bv1,50,43,47,47,91.489,Transition(3010);Transition(8164);Transition(12681);Transition(16362)
Contig.1,H1o,50,43,47,47,91.489,Transition(150);Transition(3010);Transition(14053);Transition(16355)
Contig.1,H1e2d,50,43,47,47,91.489,Transition(3010);Transition(3548);Transition(5460);Transition(15817)
Contig.1,H1e1a,50,43,47,47,91.489,Transition(3010);Transition(5460);Transition(8512);Transition(14902)
Contig.1,H1e1b,50,43,47,47,91.489,Transition(453);Transition(3010);Transition(5460);Transition(8512)
Contig.1,H1e1c,50,43,47,47,91.489,Transition(3010);Transition(3745);Transition(5460);Transition(8512)
Contig.1,H13a1a,50,43,47,47,91.489,Transition(2259);Transition(4745);Transition(13680);Transition(14872)
Contig.1,H1t1a,50,43,47,47,91.489,Transition(3010);Transition(9986);Transition(14129);Transition(14224)
Contig.1,H15b,50,43,47,47,91.489,Transition(55);Transition(57);Transition(3847);Transition(6253)
Contig.1,H15a,50,43,47,47,91.489,Transition(55);Transition(57);Transition(6253);Transition(11410)
Contig.1,H7b2a,50,43,47,47,91.489,Transition(4793);Transition(5348);Transition(13323);Transition(15862)
Contig.1,H10e2,50,43,47,47,91.489,Transversion(14470);Transition(14602);Transition(16093);Transition(16221)
Contig.1,H42a1,50,43,47,47,91.489,Transition(5498);Transition(9758);Transition(11458);Transition(16294)
Contig.1,H1c2a,50,43,47,47,91.489,Transition(477);Transition(3010);Transition(8764);Transition(12858)
Contig.1,H26a1a,50,43,47,47,91.489,Transition(9545);Transition(11152);Transition(13500);Transition(14203)
Contig.1,H39a1,50,43,47,47,91.489,Transition(709);Transition(14553);Transition(16169);Transition(16299)
Contig.1,H3at1,50,43,47,47,91.489,Insertion(2156);Transition(6776);Transition(9525);Transition(15224)
Contig.1,H1aq1,50,43,47,47,91.489,Transition(3010);Transition(13386);Transversion(15304);Transition(16218)
Contig.1,H5b3,50,43,47,47,91.489,Transition(456);Transition(5471);Transition(6923);Transition(16304)
Contig.1,H1e2a,50,43,47,47,91.489,Transition(3010);Transition(5460);Transition(12070);Transition(15817)
Contig.1,H1bg,50,43,47,47,91.489,Transition(3010);Transition(5054);Transition(7849);Transition(16239)
Contig.1,H5h,50,43,47,47,91.489,Transition(456);Transition(4796);Transition(16235);Transition(16304)
Contig.1,H5k,50,43,47,47,91.489,Transition(456);Transition(2626);Transition(8020);Transition(16304)
Contig.1,H1bz,50,43,47,47,91.489,Transition(1531);Transition(3010);Transition(4924);Transition(16240)
Contig.1,H3ak,50,43,47,47,91.489,Transition(143);Transition(6776);Transition(9325);Transition(16362)
Contig.1,H7c5,50,43,47,47,91.489,Transition(4793);Transversion(6296);Transition(11020);Transition(11992)
Contig.1,H7c3,50,43,47,47,91.489,Transition(4793);Transversion(6296);Transition(9329);Transition(15459)
Contig.1,H5c1,50,43,47,47,91.489,Transition(456);Transition(11944);Transition(12127);Transition(16304)
Contig.1,H10e1,50,43,47,47,91.489,Transition(13830);Transversion(14470);Transition(16093);Transition(16221)
Contig.1,H10e3,50,43,47,47,91.489,Transition(5918);Transversion(14470);Transition(16093);Transition(16221)
Contig.1,H21,50,43,47,47,91.489,Transition(186);Transition(3822);Transition(8994);Transition(16192)
Contig.1,H10h,50,43,47,47,91.489,Transition(3381);Transition(8888);Transition(9966);Transversion(14470)
Contig.1,H1at1a,50,43,47,47,91.489,Transition(3010);Transition(7337);Transition(12136);Transition(15758)
Contig.1,H1ae2a,50,43,47,47,91.489,Transition(3010);Transition(8843);Transition(11696);Transition(15553)
Contig.1,H1au1b,50,43,47,47,91.489,Transition(1719);Transition(3010);Transversion(11515);Transition(16148)
Contig.1,H1au1a,50,43,47,47,91.489,Transition(1664);Transition(3010);Transversion(11515);Transition(16148)
Contig.1,H1v1a,50,43,47,47,91.489,Transition(3010);Transition(4313);Transition(9148);Transition(10314)
Contig.1,H1ax,50,43,47,47,91.489,Transition(3010);Transversion(5054);Transition(7471);Transition(8429)
Contig.1,H7d3a,50,43,47,47,91.489,Transition(4793);Transition(12630);Transition(14405);Transition(15409)
Contig.1,H14a,50,43,47,47,91.489,Transition(7645);Transition(10217);Transition(16256);Transition(16352)
Contig.1,H7a2,50,43,47,47,91.489,Transition(1719);Transition(4793);Transition(10253);Transition(16176)
Contig.1,H10a1a,50,43,47,47,91.489,Transition(4216);Transversion(14470);Transition(14548);Transition(16114)
Contig.1,H5a2,50,43,47,47,91.489,Transition(456);Transition(4336);Transition(5839);Transition(16304)
Contig.1,H5a1,50,43,47,47,91.489,Transition(456);Transition(4336);Transition(15833);Transition(16304)
Contig.1,H5a8,50,43,47,47,91.489,Transition(456);Transition(4336);Transition(11969);Transition(16304)
Contig.1,H1bf1,50,43,47,47,91.489,Transition(3010);Transition(13768);Transition(16239);Transition(16242)
Contig.1,H7d2,50,43,47,47,91.489,Insertion(291);Transition(4793);Transition(11887);Transition(15409)
Contig.1,H26b,50,43,47,47,91.489,Transition(11152);Transition(11399);Transition(12810);Transition(16320)
Contig.1,H1bt1,50,43,47,47,91.489,Transition(3010);Transition(10348);Transition(12007);Transition(16527)
Contig.1,H7d1,50,43,47,47,91.489,Transition(2283);Transition(4793);Transition(13032);Transition(15409)
Contig.1,H1aj1,50,43,47,47,91.489,Transition(3010);Transition(8618);Transition(14133);Transition(16192)
Contig.1,H1c8,50,43,47,47,91.489,Transition(477);Transition(1462);Transition(3010);Transversion(14182)
Contig.1,H1e5,50,43,47,47,91.489,Transition(3010);Transition(5460);Transition(9110);Transition(16256)
Contig.1,H1ae3,50,43,47,47,91.489,Transition(3010);Transition(8723);Transition(12771);Transition(15553)
Contig.1,H24a1,50,43,47,47,91.489,Transition(3333);Transition(5261);Transition(16234);Transition(16293)
Contig.1,H49a2,50,43,47,47,91.489,Transition(93);Transition(9612);Transition(11560);Transition(15058)
Contig.1,H1as1,50,43,47,47,91.489,Transition(150);Transition(3010);Transition(4688);Transition(6216)
Contig.1,H3w,50,43,47,47,91.489,Transition(3613);Transition(5999);Transition(6776);Transition(16248)
Contig.1,H3y,50,43,47,47,91.489,Transition(2352);Transition(4512);Transition(5480);Transition(6776)
Contig.1,H5q,50,43,47,47,91.489,Transition(456);Transition(8975);Transition(16192);Transition(16304)
Contig.1,H1e2b,50,43,47,47,91.489,Transition(983);Transition(3010);Transition(5460);Transition(15817)
Contig.1,H95a,50,43,47,47,91.489,Transition(10403);Transition(11069);Transition(14025);Transition(15314)
Contig.1,H3z1,50,43,47,47,91.489,Transition(293);Transition(6776);Transition(12346);Transition(15530)
Contig.1,H1c4b,50,43,47,47,91.489,Transition(477);Transition(3010);Transition(13759);Transition(16355)
Contig.1,H1c3,50,43,47,47,91.489,Transition(257);Transition(477);Transition(3010);Transition(8473)
Contig.1,H13a2b,50,43,47,47,91.489,Transition(709);Transition(2259);Transversion(13762);Transition(14872)
Contig.1,H3ag1,50,43,47,47,91.489,Transition(6293);Transition(6776);Transition(10410);Transition(15204)
Contig.1,H1v1b,50,43,47,47,91.489,Transition(3010);Transition(4313);Transition(10314);Transition(14560)
Contig.1,H90,50,43,47,47,91.489,Transition(5435);Transition(8911);Transition(10237);Transition(15109)
Contig.1,H13b1,50,43,47,47,91.489,Transition(4107);Transition(11485);Transition(14872);Transition(16261)
Contig.1,H7a1b,50,43,47,47,91.489,Transition(1393);Transition(1719);Transition(4793);Transition(16261)
Contig.1,H7a1c,50,43,47,47,91.489,Transition(1719);Transition(4793);Transition(9833);Transition(16261)
Contig.1,H1af1a,50,43,47,47,91.489,Transition(3010);Transition(9078);Transition(15646);Transition(16357)
Contig.1,H4c,50,43,47,47,91.489,Transition(3992);Transition(5004);Transition(9123);Transition(9276)
Contig.1,H4b,50,43,47,47,91.489,Transition(3992);Transition(5004);Transition(9123);Transition(10166)
Contig.1,H1e4a,50,43,47,47,91.489,Transition(3010);Transition(3316);Transition(5460);Transition(16114)
Contig.1,H1j5,50,43,47,47,91.489,Transition(3010);Transition(4733);Transversion(9290);Transition(10256)
Contig.1,H1j8,50,43,47,47,91.489,Transversion(2222);Transition(3010);Transition(4733);Transition(16240)
Contig.1,H73a,50,43,47,47,91.489,Transversion(4221);Transition(12477);Transition(13500);Transition(15658)
Contig.1,H1c1,50,43,47,47,91.489,Transition(477);Transition(3010);Transition(9150);Transition(16263)
Contig.1,H1c14,50,43,48,48,89.583,Transition(477);Transition(3010);Transition(10365);Transition(12627);Transition(15758)
Contig.1,H1c1b,50,43,48,48,89.583,Transition(477);Transition(3010);Transition(9150);Transition(16263);Transition(16316)
Contig.1,H44a1,50,43,48,48,89.583,Transition(5442);Transition(8843);Transition(9932);Transition(11044);Transition(14149)
Contig.1,H1ag1a,50,43,48,48,89.583,Transition(3010);Transition(6272);Transition(12940);Transition(14869);Transition(16218)
Contig.1,H1x,50,43,48,48,89.583,Transition(3010);Transition(7765);Transversion(10410);Transition(16037);Transition(16256)
Contig.1,H1ae3a,50,43,48,48,89.583,Transition(3010);Transition(5231);Transition(8723);Transition(12771);Transition(15553)
Contig.1,H5a1k,50,43,48,48,89.583,Transition(456);Transition(4336);Transition(12864);Transition(15833);Transition(16304)
Contig.1,H5a1d,50,43,48,48,89.583,Transition(456);Transition(4336);Transversion(8803);Transition(15833);Transition(16304)
Contig.1,H5a1f,50,43,48,48,89.583,Transition(456);Transition(961);Transition(4336);Transition(15833);Transition(16304)
Contig.1,H5a1g,50,43,48,48,89.583,Transition(456);Transition(4336);Transition(15833);Transition(16172);Transition(16304)
Contig.1,H13a1c,50,43,48,48,89.583,Transition(2259);Transition(3744);Transition(4745);Transition(14872);Transition(16244)
Contig.1,H1ah2,50,43,48,48,89.583,Transition(3010);Transition(6261);Transition(8950);Transition(12507);Transition(16212)
Contig.1,H13b1_200,50,43,48,48,89.583,Transition(200);Transition(4107);Transition(11485);Transition(14872);Transition(16261)
Contig.1,H1c1a,50,43,48,48,89.583,Transition(477);Transition(3010);Transition(9150);Transition(9380);Transition(16263)
Contig.1,H5c1a,50,43,48,48,89.583,Transition(456);Transition(11944);Transition(12127);Transition(15157);Transition(16304)
Contig.1,H1n6,50,43,48,48,89.583,Transversion(552);Transition(2098);Transition(3010);Transition(11551);Transition(14221)
Contig.1,H10e1a,50,43,48,48,89.583,Transition(13830);Transversion(14470);Transition(16093);Transition(16221);Transition(16266)
Contig.1,H5a1_16093,50,43,48,48,89.583,Transition(456);Transition(4336);Transition(15833);Transition(16093);Transition(16304)
Contig.1,H1e1b1,50,43,48,48,89.583,Transition(453);Transition(3010);Transition(5460);Transition(8512);Transition(13590)
Contig.1,H5c2,50,43,48,48,89.583,Transition(456);Transition(3819);Transition(12127);Transition(16213);Transition(16304)
Contig.1,H10a1a1,50,43,48,48,89.583,Transition(4216);Transition(13711);Transversion(14470);Transition(14548);Transition(16114)
Contig.1,H1ar1,50,43,48,48,89.583,Transition(183);Transition(3010);Transition(11890);Transition(16302);Transition(16468)
Contig.1,H1t1a1,50,43,48,48,89.583,Transition(3010);Transition(9986);Transition(14129);Transition(14224);Transition(16266)
Contig.1,H1e1a6,50,43,48,48,89.583,Transition(150);Transition(3010);Transition(5460);Transition(8512);Transition(14902)
Contig.1,H1e1a2,50,43,48,48,89.583,Transition(3010);Transition(5460);Transition(8512);Transition(13326);Transition(14902)
Contig.1,H1e1a3,50,43,48,48,89.583,Transition(3010);Transition(5460);Transition(8512);Transition(14902);Transversion(16111)
Contig.1,H5a1h,50,43,48,48,89.583,Transition(456);Transition(4336);Transversion(9392);Transition(15833);Transition(16304)
Contig.1,H5a1j,50,43,48,48,89.583,Transition(456);Transition(4336);Transition(15833);Transition(16209);Transition(16304)
Contig.1,H6a,50,43,48,48,89.583,Transition(239);Transition(3915);Transition(9380);Transition(16362);Transition(16482)
Contig.1,H5a1e,50,43,48,48,89.583,Transition(456);Transition(4336);Transition(15833);Transition(16166);Transition(16304)
Contig.1,H6c,50,43,48,48,89.583,Transition(239);Transition(6869);Transition(9804);Transition(16362);Transition(16482)
Contig.1,H6b,50,43,48,48,89.583,Transition(239);Transition(14040);Transition(16300);Transition(16362);Transition(16482)
Contig.1,H5a1a,50,43,48,48,89.583,Transition(456);Transition(721);Transition(4336);Transition(15833);Transition(16304)
Contig.1,H5a1q,50,43,48,48,89.583,Transition(456);Transition(4336);Transition(4916);Transition(15833);Transition(16304)
Contig.1,H1h2,50,43,48,48,89.583,Transition(2851);Transition(3010);Transition(7013);Transition(14148);Transition(14420)
Contig.1,H73a1,50,43,48,48,89.583,Transversion(4221);Transition(11590);Transition(12477);Transition(13500);Transition(15658)
Contig.1,H5a7,50,43,48,48,89.583,Transition(456);Transition(4336);Transition(8557);Transition(15175);Transition(16304)
Contig.1,H5a4,50,43,48,48,89.583,Transition(456);Transition(3753);Transition(4336);Transition(16294);Transition(16304)
Contig.1,H5a3,50,43,48,48,89.583,Transition(456);Transition(513);Transition(4336);Transition(15884);Transition(16304)
Contig.1,H15a1,50,43,48,48,89.583,Transition(55);Transition(57);Transition(6253);Transition(11410);Transition(14953)
Contig.1,H5e1,50,43,48,48,89.583,Transition(456);Transition(8343);Transition(12771);Transition(16294);Transition(16304)
Contig.1,H1c4b1,50,43,48,48,89.583,Transition(477);Transition(3010);Transition(6074);Transition(13759);Transition(16355)
Contig.1,H1ax1,50,43,48,48,89.583,Transition(3010);Transversion(5054);Transition(7471);Transition(8429);Transition(14861)
Contig.1,H5b2,50,43,48,48,89.583,Transition(327);Transition(456);Transition(5471);Transition(12864);Transition(16304)
Contig.1,H13a1a2,50,43,48,48,89.583,Transition(2259);Transition(4745);Transition(13542);Transition(13680);Transition(14872)
Contig.1,H13a1a3,50,43,48,48,89.583,Transition(2259);Transition(4745);Transition(13680);Transition(14239);Transition(14872)
Contig.1,H13a1a4,50,43,48,48,89.583,Transition(2259);Transition(4745);Transition(8381);Transition(13680);Transition(14872)
Contig.1,H13a1a5,50,43,48,48,89.583,Transition(2259);Transition(4745);Transition(9801);Transition(13680);Transition(14872)
Contig.1,H10c1,50,43,48,48,89.583,Transition(709);Transition(1888);Transition(6734);Transversion(14470);Transition(15287)
Contig.1,H1c4a,50,43,48,48,89.583,Transition(477);Transition(3010);Transition(7299);Transition(13759);Transition(15315)
Contig.1,H15b1,50,43,48,48,89.583,Transition(55);Transition(57);Transition(3847);Transition(6253);Transition(15715)
Contig.1,H1as1a,50,43,48,48,89.583,Transition(150);Transition(3010);Transition(4688);Transition(6216);Transition(16261)
Contig.1,H10e3a,50,43,48,48,89.583,Transition(961);Transition(5918);Transversion(14470);Transition(16093);Transition(16221)
Contig.1,H7i,50,43,48,48,89.583,Transition(228);Transition(3984);Transition(4793);Transition(11016);Transition(11971)
Contig.1,H7d2a,50,43,48,48,89.583,Insertion(291);Transition(4793);Transition(11887);Transition(14871);Transition(15409)
Contig.1,H41a,50,43,48,48,89.583,Transition(262);Transition(5460);Transition(10124);Transition(14118);Transition(15617)
Contig.1,H7a1a,50,43,48,48,89.583,Transition(93);Transition(1719);Transition(4793);Transition(11167);Transition(16261)
Contig.1,H4a,50,43,48,48,89.583,Transition(3992);Transition(4024);Transition(5004);Transition(9123);Transition(14582)
Contig.1,H28a1,50,43,48,48,89.583,Transversion(186);Transition(2239);Transition(8715);Transition(11191);Transition(15758)
Contig.1,H1j7,50,43,48,48,89.583,Transition(3010);Transition(4733);Transition(6353);Transition(14178);Transition(15497)
Contig.1,H1j6,50,43,48,48,89.583,Transition(709);Transition(3010);Transition(3084);Transition(4733);Transition(9653)
Contig.1,H1j2,50,43,48,48,89.583,Transition(1821);Transition(3010);Transition(4733);Transition(13708);Transition(16291)
Contig.1,H14a2,50,43,48,48,89.583,Transition(6182);Transition(7645);Transition(10217);Transition(16256);Transition(16352)
Contig.1,H_195,50,42,42,42,100.000,
Contig.1,H_152,50,42,42,42,100.000,
Contig.1,H2_152_16311,50,42,42,42,100.000,
Contig.1,H_16129,50,42,42,42,100.000,
Contig.1,H76,50,42,43,43,97.674,Transition(8572)
Contig.1,H17,50,42,43,43,97.674,Transition(3915)
Contig.1,H3aq,50,42,43,43,97.674,Transition(6776)
Contig.1,H16_152,50,42,43,43,97.674,Transition(10394)
Contig.1,H3ap,50,42,43,43,97.674,Transition(6776)
Contig.1,H1_152,50,42,43,43,97.674,Transition(3010)
Contig.1,H52,50,42,43,43,97.674,Transition(14220)
Contig.1,H2b,50,42,43,43,97.674,Transition(8598)
Contig.1,H1_16311,50,42,43,43,97.674,Transition(3010)
Contig.1,H69,50,42,43,43,97.674,Transition(4646)
Contig.1,H80,50,42,43,43,97.674,Transition(2361)
Contig.1,H3_73,50,42,43,43,97.674,Transition(6776)
Contig.1,H3_16311,50,42,43,43,97.674,Transition(6776)
Contig.1,H3_16189,50,42,43,43,97.674,Transition(6776)
Contig.1,H3_152,50,42,43,43,97.674,Transition(6776)
Contig.1,H91,50,42,43,43,97.674,Transition(335)
Contig.1,H1_16189,50,42,43,43,97.674,Transition(3010)
Contig.1,H9,50,42,43,43,97.674,Transition(13020)
Contig.1,H46,50,42,43,43,97.674,Transition(2772)
Contig.1,H46b,50,42,44,44,95.455,Transition(2772);Transition(11893)
Contig.1,H1e_16129,50,42,44,44,95.455,Transition(3010);Transition(5460)
Contig.1,H1y,50,42,44,44,95.455,Transition(3010);Transition(15299)
Contig.1,H1i,50,42,44,44,95.455,Transition(3010);Transversion(6237)
Contig.1,H1k,50,42,44,44,95.455,Transition(3010);Transition(16290)
Contig.1,H3g,50,42,44,44,95.455,Transition(6776);Transversion(10754)
Contig.1,H1a,50,42,44,44,95.455,Transition(3010);Transition(16162)
Contig.1,H1b,50,42,44,44,95.455,Transition(3010);Transition(16356)
Contig.1,H1g,50,42,44,44,95.455,Transition(3010);Transition(14212)
Contig.1,H1an,50,42,44,44,95.455,Transition(3010);Transition(15394)
Contig.1,H1ac,50,42,44,44,95.455,Transition(3010);Transition(11893)
Contig.1,H5_16311,50,42,44,44,95.455,Transition(456);Transition(16304)
Contig.1,H1bc,50,42,44,44,95.455,Transition(3010);Transition(10325)
Contig.1,H3af,50,42,44,44,95.455,Transition(6776);Transition(8470)
Contig.1,H1aa,50,42,44,44,95.455,Transition(3010);Transition(4131)
Contig.1,H1bb,50,42,44,44,95.455,Transition(3010);Transition(11864)
Contig.1,H18b,50,42,44,44,95.455,Transition(13708);Transition(14364)
Contig.1,H2c,50,42,44,44,95.455,Transition(13708);Transition(13934)
Contig.1,H26c,50,42,44,44,95.455,Transition(10562);Transition(11152)
Contig.1,H1c_152,50,42,44,44,95.455,Transition(477);Transition(3010)
Contig.1,H44b,50,42,44,44,95.455,Transition(5442);Transition(13662)
Contig.1,H1ad,50,42,44,44,95.455,Transition(3010);Transition(3504)
Contig.1,H1h1,50,42,44,44,95.455,Transition(3010);Transition(7013)
Contig.1,H12,50,42,44,44,95.455,Transition(3936);Transition(14552)
Contig.1,H17a,50,42,44,44,95.455,Transition(3915);Transition(6296)
Contig.1,H17b,50,42,44,44,95.455,Transition(3915);Transversion(8895)
Contig.1,H3a,50,42,44,44,95.455,Transition(6776);Transversion(16239)
Contig.1,H3d,50,42,44,44,95.455,Transition(761);Transition(6776)
Contig.1,H3j,50,42,44,44,95.455,Transition(6351);Transition(6776)
Contig.1,H3k,50,42,44,44,95.455,Transition(6776);Transition(14687)
Contig.1,H3h,50,42,44,44,95.455,Transition(6776);Transition(12811)
Contig.1,H3i,50,42,44,44,95.455,Transition(5893);Transition(6776)
Contig.1,H3m,50,42,44,44,95.455,Transition(6776);Transition(14501)
Contig.1,H1n_146,50,42,44,44,95.455,Transition(2098);Transition(3010)
Contig.1,H16c,50,42,44,44,95.455,Transition(9071);Transition(10394)
Contig.1,H16a,50,42,44,44,95.455,Transition(8592);Transition(10394)
Contig.1,H3b_16129,50,42,44,44,95.455,Transition(2581);Transition(6776)
Contig.1,H1ab,50,42,44,44,95.455,Transition(3010);Transition(15047)
Contig.1,H1j1,50,42,44,44,95.455,Transition(3010);Transition(4733)
Contig.1,H3k1,50,42,45,45,93.333,Transition(6776);Transition(11590);Transition(14687)
Contig.1,H46a,50,42,45,45,93.333,Transition(2772);Transition(6743);Transition(10754)
Contig.1,H3b5,50,42,45,45,93.333,Transition(2581);Transition(5911);Transition(6776)
Contig.1,H3b4,50,42,45,45,93.333,Transition(417);Transition(2581);Transition(6776)
Contig.1,H3b3,50,42,45,45,93.333,Transition(2581);Transition(4924);Transition(6776)
Contig.1,H3b2,50,42,45,45,93.333,Transition(2581);Transition(6638);Transition(6776)
Contig.1,H1z,50,42,45,45,93.333,Transition(327);Transition(3010);Transition(11428)
Contig.1,H1f,50,42,45,45,93.333,Transition(3010);Transition(4452);Transition(9066)
Contig.1,H1n1,50,42,45,45,93.333,Transition(2098);Transition(3010);Transversion(15742)
Contig.1,H1g1,50,42,45,45,93.333,Transition(3010);Transition(8602);Transition(14212)
Contig.1,H1g2,50,42,45,45,93.333,Transition(3010);Transition(9230);Transition(14212)
Contig.1,H3a1,50,42,45,45,93.333,Transition(6776);Transition(13404);Transversion(16239)
Contig.1,H1i2,50,42,45,45,93.333,Transition(3010);Transversion(6237);Transition(12346)
Contig.1,H1i1,50,42,45,45,93.333,Transition(3010);Transversion(6237);Transition(9300)
Contig.1,H1b3,50,42,45,45,93.333,Transition(3010);Transition(16075);Transition(16356)
Contig.1,H1b1,50,42,45,45,93.333,Transition(3010);Transition(3796);Transition(16356)
Contig.1,H1e2c,50,42,45,45,93.333,Transition(3010);Transition(5460);Transition(15817)
Contig.1,H5m,50,42,45,45,93.333,Transition(456);Transition(15883);Transition(16304)
Contig.1,H17a2,50,42,45,45,93.333,Transition(593);Transition(3915);Transition(6296)
Contig.1,H1a2,50,42,45,45,93.333,Transition(3010);Transversion(8271);Transition(16162)
Contig.1,H3h1,50,42,45,45,93.333,Transition(6776);Transition(8705);Transition(12811)
Contig.1,H1a3,50,42,45,45,93.333,Transition(3010);Transition(16051);Transition(16162)
Contig.1,H13a1_152,50,42,45,45,93.333,Transition(2259);Transition(4745);Transition(14872)
Contig.1,H3i1,50,42,45,45,93.333,Transition(5213);Transition(5893);Transition(6776)
Contig.1,H1j1b,50,42,45,45,93.333,Transition(3010);Transition(4733);Transition(11087)
Contig.1,H1j1a,50,42,45,45,93.333,Transition(3010);Transition(3849);Transition(4733)
Contig.1,H1an1,50,42,45,45,93.333,Transition(3010);Transition(13050);Transition(15394)
Contig.1,H1a8,50,42,45,45,93.333,Transition(3010);Transition(8537);Transition(16162)
Contig.1,H1a7,50,42,45,45,93.333,Transition(3010);Transition(5747);Transition(16162)
Contig.1,H1a4,50,42,45,45,93.333,Transition(3010);Transversion(9341);Transition(16162)
Contig.1,H1n3,50,42,45,45,93.333,Transition(2098);Transition(3010);Transition(7295)
Contig.1,H14b_152,50,42,45,45,93.333,Transition(3197);Transition(7645);Transition(10217)
Contig.1,H16a1,50,42,45,45,93.333,Transition(8592);Transition(10394);Transition(15340)
Contig.1,H1b4,50,42,45,45,93.333,Transition(3010);Transition(11029);Transition(16356)
Contig.1,H1c9,50,42,45,45,93.333,Transition(477);Transition(3010);Transition(13203)
Contig.1,H3h6,50,42,45,45,93.333,Transition(4025);Transition(6776);Transition(12811)
Contig.1,H3h5,50,42,45,45,93.333,Transition(6776);Transition(10589);Transition(12811)
Contig.1,H3h3,50,42,45,45,93.333,Transition(6776);Transition(12811);Transition(13967)
Contig.1,H3h2,50,42,45,45,93.333,Transition(5960);Transition(6776);Transition(12811)
Contig.1,H63a,50,42,45,45,93.333,Transition(2159);Transition(12904);Transition(14193)
Contig.1,H3s,50,42,45,45,93.333,Transition(194);Transition(6776);Transition(6953)
Contig.1,H3c2,50,42,45,45,93.333,Transition(6776);Transition(12957);Transition(16176)
Contig.1,H5a_152,50,42,45,45,93.333,Transition(456);Transition(4336);Transition(16304)
Contig.1,H3g4,50,42,45,45,93.333,Transition(6776);Transversion(10754);Transition(13611)
Contig.1,H3g2,50,42,45,45,93.333,Transition(735);Transition(6776);Transversion(10754)
Contig.1,H3g3,50,42,45,45,93.333,Transition(6776);Transition(9196);Transversion(10754)
Contig.1,H1ab1,50,42,45,45,93.333,Transition(3010);Transition(15047);Transition(16234)
Contig.1,H16d,50,42,45,45,93.333,Transition(10394);Transition(14155);Transversion(14869)
Contig.1,H1j9,50,42,45,45,93.333,Transition(2626);Transition(3010);Transition(4733)
Contig.1,H1a3a,50,42,46,46,91.304,Transition(3010);Transition(14978);Transition(16051);Transition(16162)
Contig.1,H3b1,50,42,46,46,91.304,Transition(2581);Transition(5147);Transition(6776);Transition(16256)
Contig.1,H1n2,50,42,46,46,91.304,Transition(2098);Transition(3010);Transition(5483);Transition(13431)
Contig.1,H1a3c,50,42,46,46,91.304,Transition(3010);Transition(16051);Transition(16162);Transition(16266)
Contig.1,H5a1b,50,42,46,46,91.304,Transition(456);Transition(4336);Transition(15833);Transition(16304)
Contig.1,H5a1_152,50,42,46,46,91.304,Transition(456);Transition(4336);Transition(15833);Transition(16304)
Contig.1,H1b1g,50,42,46,46,91.304,Transition(64);Transition(3010);Transition(3796);Transition(16356)
Contig.1,H1c5a,50,42,46,46,91.304,Deletion(249);Transition(477);Transition(3010);Transition(8803)
Contig.1,H13a1d,50,42,46,46,91.304,Transition(2259);Transition(4745);Transition(14872);Transition(16234)
Contig.1,H3k1a,50,42,46,46,91.304,Transition(6776);Transition(11590);Transition(12217);Transition(14687)
Contig.1,H1n1a,50,42,46,46,91.304,Transition(2098);Transition(3010);Transition(11339);Transversion(15742)
Contig.1,H1b1_16362,50,42,46,46,91.304,Transition(3010);Transition(3796);Transition(16356);Transition(16362)
Contig.1,H3b4a,50,42,46,46,91.304,Transition(417);Transition(2581);Transition(6776);Transition(12447)
Contig.1,H5s,50,42,46,46,91.304,Transition(456);Transition(5302);Transition(16304);Transition(16391)
Contig.1,H17a1,50,42,46,46,91.304,Transition(3915);Transition(6296);Transition(12346);Transition(16291)
Contig.1,H1j1a2,50,42,46,46,91.304,Transition(3010);Transition(3849);Transition(4733);Transversion(11144)
Contig.1,H1j1a1,50,42,46,46,91.304,Transversion(447);Transition(3010);Transition(3849);Transition(4733)
Contig.1,H3a1a,50,42,46,46,91.304,Transition(6776);Transition(13404);Transition(14125);Transversion(16239)
Contig.1,H47a,50,42,46,46,91.304,Transition(8756);Transition(9530);Transition(12633);Transversion(13020)
Contig.1,H3h3a,50,42,46,46,91.304,Transition(6776);Transition(12811);Transition(13967);Transition(15470)
Contig.1,H1a5,50,42,46,46,91.304,Transition(3010);Transition(8839);Transition(15789);Transition(16162)
Contig.1,H1an1a,50,42,46,46,91.304,Transition(3010);Transition(4454);Transition(13050);Transition(15394)
Contig.1,H1m1,50,42,46,46,91.304,Transition(3010);Transition(4171);Transition(9468);Transition(15323)
Contig.1,H1j1c,50,42,46,46,91.304,Transition(3010);Transition(4733);Transition(9181);Transversion(11963)
Contig.1,H30b1,50,42,46,46,91.304,Transition(709);Transition(3010);Transition(8200);Transition(9101)
Contig.1,H1b2,50,42,46,46,91.304,Transition(3010);Transition(8251);Transition(16080);Transition(16356)
Contig.1,H1f_16093,50,42,46,46,91.304,Transition(3010);Transition(4452);Transition(9066);Transition(16093)
Contig.1,H1an2,50,42,46,46,91.304,Transition(151);Transition(3010);Transition(15394);Transition(16325)
Contig.1,H1a9,50,42,46,46,91.304,Transition(3010);Transition(8334);Transition(16162);Transition(16167)
Contig.1,H5a5,50,42,46,46,91.304,Transition(456);Transition(4336);Transition(7025);Transition(16304)
Contig.1,H1k1,50,42,46,46,91.304,Transition(3010);Transition(5206);Transition(15766);Transition(16290)
Contig.1,H3n,50,42,46,46,91.304,Transition(6776);Transition(15781);Transition(16104);Transition(16176)
Contig.1,H3c3,50,42,46,46,91.304,Transition(260);Transition(6776);Transition(12957);Transition(15769)
Contig.1,H1a1,50,42,46,46,91.304,Transition(3010);Transition(6365);Transition(16162);Transition(16209)
Contig.1,H9a,50,42,46,46,91.304,Transition(3591);Transition(4310);Transition(13020);Transition(16168)
Contig.1,H1c9a,50,42,46,46,91.304,Transition(477);Transition(3010);Transition(9377);Transition(13203)
Contig.1,H3g1,50,42,46,46,91.304,Transition(3992);Transition(4418);Transition(6776);Transversion(10754)
Contig.1,H3c2a,50,42,46,46,91.304,Transition(6776);Transition(12957);Transition(14200);Transition(16176)
Contig.1,H3c2c,50,42,46,46,91.304,Transition(5896);Transition(6776);Transition(12957);Transition(16176)
Contig.1,H3c2b,50,42,46,46,91.304,Transition(6776);Transition(12957);Transition(14305);Transition(16176)
Contig.1,H14a_146,50,42,46,46,91.304,Transition(7645);Transition(10217);Transition(16256);Transition(16352)
Contig.1,H1i2a,50,42,46,46,91.304,Transition(3010);Transversion(6237);Transition(12026);Transition(12346)
Contig.1,H1cc,50,42,46,46,91.304,Transition(72);Transition(3010);Transition(6261);Transition(16291)
Contig.1,H1b1e,50,42,46,46,91.304,Transition(3010);Transition(3796);Transition(9698);Transition(16356)
Contig.1,H1a3b,50,42,46,46,91.304,Transition(3010);Transition(16051);Transition(16162);Transition(16465)
Contig.1,H13a2b3,50,42,47,47,89.362,Transition(143);Transition(709);Transition(2259);Transversion(13762);Transition(14872)
Contig.1,H13a1a2_16311,50,42,47,47,89.362,Transition(2259);Transition(4745);Transition(13542);Transition(13680);Transition(14872)
Contig.1,H1b1c,50,42,47,47,89.362,Transition(3010);Transition(3796);Transition(10455);Transition(16356);Transition(16362)
Contig.1,H1b1f,50,42,47,47,89.362,Transition(2145);Transition(3010);Transition(3796);Transition(16114);Transition(16356)
Contig.1,H1n1b,50,42,47,47,89.362,Transition(2098);Transition(3010);Transversion(15742);Transition(15924);Transition(16468)
Contig.1,H3c2b1,50,42,47,47,89.362,Transition(1211);Transition(6776);Transition(12957);Transition(14305);Transition(16176)
Contig.1,H3x1,50,42,47,47,89.362,Transition(3615);Transition(6776);Transition(8937);Transition(16293);Transition(16368)
Contig.1,H36,50,42,47,47,89.362,Transition(456);Transversion(3525);Transition(8578);Transition(13056);Transition(16070)
Contig.1,H5t,50,42,47,47,89.362,Transition(456);Transition(8473);Transition(8593);Transition(16124);Transition(16304)
Contig.1,H5r,50,42,47,47,89.362,Transition(207);Transition(456);Transition(10410);Transition(13725);Transition(16304)
Contig.1,H1f1,50,42,47,47,89.362,Transition(3010);Transition(4452);Transition(7309);Transition(9066);Transition(16093)
Contig.1,H1a1a,50,42,47,47,89.362,Transition(3010);Transition(4639);Transition(6365);Transition(16162);Transition(16209)
Contig.1,H1a1b,50,42,47,47,89.362,Transition(3010);Transition(6365);Transition(7961);Transition(16162);Transition(16209)
Contig.1,H2c1,50,42,47,47,89.362,Transition(194);Transition(205);Transition(3334);Transition(13708);Transition(13934)
Contig.1,H3g1a,50,42,47,47,89.362,Transition(3992);Transition(4418);Transition(6776);Transversion(10754);Transition(15377)
Contig.1,H3g1b,50,42,47,47,89.362,Transition(3992);Transition(4418);Transition(6776);Transition(8950);Transversion(10754)
Contig.1,H5a1m,50,42,47,47,89.362,Transition(456);Transition(4336);Transition(11221);Transition(15833);Transition(16304)
Contig.1,H5a1n,50,42,47,47,89.362,Transition(456);Transition(710);Transition(4336);Transition(15833);Transition(16304)
Contig.1,H5a6,50,42,47,47,89.362,Transition(456);Transition(4336);Transition(5319);Transition(8563);Transition(16304)
Contig.1,H1c3b,50,42,47,47,89.362,Transition(257);Transition(477);Transition(3010);Transition(8473);Transition(16362)
Contig.1,H1a3a1,50,42,47,47,89.362,Transition(3010);Transition(3396);Transition(14978);Transition(16051);Transition(16162)
Contig.1,H1a3a2,50,42,47,47,89.362,Insertion(42);Transition(3010);Transition(14978);Transition(16051);Transition(16162)
Contig.1,H4c1,50,42,47,47,89.362,Transition(3992);Transition(5004);Transition(9123);Transition(9276);Transition(16248)
Contig.1,H96,50,42,47,47,89.362,Transition(185);Transition(189);Transition(709);Transition(13269);Transition(14040)
Contig.1,H3c2a1,50,42,47,47,89.362,Transition(6425);Transition(6776);Transition(12957);Transition(14200);Transition(16176)
Contig.1,H3b1a,50,42,47,47,89.362,Transition(1290);Transition(2581);Transition(5147);Transition(6776);Transition(16256)
Contig.1,H3b1b,50,42,47,47,89.362,Transition(153);Transition(2581);Transition(5147);Transition(6776);Transition(16256)
Contig.1,H1b1h,50,42,47,47,89.362,Transition(3010);Transition(3796);Transition(7960);Transition(16356);Transition(16362)
Contig.1,H5a3a,50,42,47,47,89.362,Transition(456);Transition(513);Transition(4336);Transition(15884);Transition(16304)
Contig.1,H1cd,50,42,47,47,89.362,Transition(3010);Transition(9722);Transition(10316);Transition(12373);Transition(16217)
Contig.1,H14a1,50,42,47,47,89.362,Transition(7645);Transition(10217);Transition(12870);Transition(16256);Transition(16352)
Contig.1,H1b1d,50,42,47,47,89.362,Transition(93);Transition(3010);Transition(3796);Transition(16356);Transition(16362)
Contig.1,H1k1a,50,42,47,47,89.362,Transition(2887);Transition(3010);Transition(5206);Transition(15766);Transition(16290)
Contig.1,H_195__146,50,41,41,41,100.000,
Contig.1,HV,50,41,41,41,100.000,
Contig.1,HV4,50,41,42,42,97.619,Transition(7094)
Contig.1,H27,50,41,42,42,97.619,Transition(16316)
Contig.1,H32,50,41,42,42,97.619,Transition(8557)
Contig.1,HV13,50,41,42,42,97.619,Transition(16357)
Contig.1,HV12,50,41,42,42,97.619,Transition(13889)
Contig.1,H1aw,50,41,43,43,95.349,Transition(460);Transition(3010)
Contig.1,HV1,50,41,43,43,95.349,Transversion(8014);Transition(16067)
Contig.1,HV0,50,41,43,43,95.349,Transition(72);Transition(16298)
Contig.1,H31,50,41,43,43,95.349,Transversion(7930);Transition(10771)
Contig.1,H1n_146__195,50,41,43,43,95.349,Transition(2098);Transition(3010)
Contig.1,H11,50,41,43,43,95.349,Transition(8448);Transition(13759)
Contig.1,HV4a,50,41,43,43,95.349,Transition(7094);Transition(16221)
Contig.1,H1n4,50,41,43,43,95.349,Transition(2098);Transition(3010)
Contig.1,H27d,50,41,43,43,95.349,Transition(380);Transition(16316)
Contig.1,H27c,50,41,43,43,95.349,Transition(4838);Transition(16316)
Contig.1,H27_16093,50,41,43,43,95.349,Transition(16093);Transition(16316)
Contig.1,H1r1,50,41,43,43,95.349,Transition(3010);Transition(9356)
Contig.1,H1ap1,50,41,44,44,93.182,Transition(3010);Transition(5780);Transition(8410)
Contig.1,V_72,50,41,44,44,93.182,Transition(4580);Transition(15904);Transition(16298)
Contig.1,H11b,50,41,44,44,93.182,Transition(8448);Transition(13572);Transition(13759)
Contig.1,H31b,50,41,44,44,93.182,Transversion(7930);Transition(10771);Transition(15247)
Contig.1,HV12b,50,41,44,44,93.182,Transition(150);Transition(13889);Transition(15682)
Contig.1,HV12a,50,41,44,44,93.182,Transition(13889);Transversion(16220);Transition(16292)
Contig.1,H3av,50,41,44,44,93.182,Transition(6776);Transition(7849);Transition(8383)
Contig.1,HV4a1,50,41,44,44,93.182,Transition(7094);Transition(13680);Transition(16221)
Contig.1,HV0a,50,41,44,44,93.182,Transition(72);Transition(15904);Transition(16298)
Contig.1,V_16298,50,41,44,44,93.182,Transition(72);Transition(4580);Transition(15904)
Contig.1,H1ao,50,41,44,44,93.182,Transition(93);Transition(3010);Transition(11809)
Contig.1,HV4b,50,41,44,44,93.182,Transition(1715);Transition(7094);Transition(16069)
Contig.1,H1n5,50,41,44,44,93.182,Transition(471);Transition(2098);Transition(3010)
Contig.1,HV1a'b'c,50,41,44,44,93.182,Transversion(8014);Transition(15218);Transition(16067)
Contig.1,H17c,50,41,44,44,93.182,Transition(3915);Transition(12397);Transition(16239)
Contig.1,H31a,50,41,44,44,93.182,Transversion(72);Transversion(7930);Transition(10771)
Contig.1,H27b,50,41,44,44,93.182,Transition(16093);Transversion(16258);Transition(16316)
Contig.1,H27a,50,41,44,44,93.182,Transition(9391);Transition(16093);Transition(16316)
Contig.1,HV4a1_16291,50,41,45,45,91.111,Transition(7094);Transition(13680);Transition(16221);Transition(16291)
Contig.1,H11a,50,41,45,45,91.111,Transversion(961);Transition(8448);Transition(13759);Transition(16293)
Contig.1,H11b1,50,41,45,45,91.111,Transition(7645);Transition(8448);Transition(13572);Transition(13759)
Contig.1,H1a6,50,41,45,45,91.111,Transition(151);Transition(3010);Transition(11893);Transition(16162)
Contig.1,V,50,41,45,45,91.111,Transition(72);Transition(4580);Transition(15904);Transition(16298)
Contig.1,H5b1,50,41,45,45,91.111,Transition(456);Transition(5471);Transition(14497);Transition(16304)
Contig.1,H1z1,50,41,45,45,91.111,Transition(327);Transition(3010);Transition(10632);Transition(11428)
Contig.1,HV1c,50,41,45,45,91.111,Transversion(8014);Transition(13933);Transition(15218);Transition(16067)
Contig.1,HV1a,50,41,45,45,91.111,Transversion(8014);Transition(8277);Transition(15218);Transition(16067)
Contig.1,HV1b,50,41,45,45,91.111,Transversion(8014);Transition(12696);Transition(15218);Transition(16067)
Contig.1,HV12b1,50,41,45,45,91.111,Transition(150);Transition(13889);Transition(15682);Transition(16356)
Contig.1,H8,50,41,45,45,91.111,Transition(709);Transversion(13101);Transition(16288);Transition(16362)
Contig.1,HV4a1a,50,41,46,46,89.130,Transition(7094);Transition(9950);Transition(13680);Transition(16221);Transition(16291)
Contig.1,H1b1b,50,41,46,46,89.130,Transition(3010);Transition(3796);Transition(16355);Transition(16356);Transition(16362)
Contig.1,V_150,50,41,46,46,89.130,Transition(72);Transition(150);Transition(4580);Transition(15904);Transition(16298)
Contig.1,V18,50,41,46,46,89.130,Transition(72);Transition(508);Transition(4580);Transition(15904);Transition(16298)
Contig.1,V12,50,41,46,46,89.130,Transition(72);Transition(4580);Transition(7270);Transition(15904);Transition(16298)
Contig.1,V10,50,41,46,46,89.130,Transition(72);Transition(4580);Transition(9368);Transition(15904);Transition(16298)
Contig.1,V16,50,41,46,46,89.130,Transition(72);Transition(4580);Transition(15904);Transition(16298);Transition(16301)
Contig.1,V14,50,41,46,46,89.130,Transition(72);Transition(4580);Transition(8843);Transition(15904);Transition(16298)
Contig.1,V15,50,41,46,46,89.130,Transition(72);Transition(4221);Transition(4580);Transition(15904);Transition(16298)
Contig.1,H8a,50,41,46,46,89.130,Transition(709);Transversion(13101);Transition(16111);Transition(16288);Transition(16362)
Contig.1,HV0a1,50,41,46,46,89.130,Transition(72);Transition(10196);Transition(15904);Transition(16126);Transition(16298)
Contig.1,V23,50,41,46,46,89.130,Transition(72);Transition(4580);Transition(6734);Transition(15904);Transition(16298)
Contig.1,V21,50,41,46,46,89.130,Transition(4580);Transition(15431);Transition(15904);Transition(16298);Transition(16390)
Contig.1,V20,50,41,46,46,89.130,Transition(72);Transition(4580);Transition(8584);Transition(15904);Transition(16256)
Contig.1,H5a3a_152,50,41,46,46,89.130,Transition(456);Transition(513);Transition(4336);Transition(15884);Transition(16304)
Contig.1,V1,50,41,46,46,89.130,Transition(72);Transition(4580);Transition(8869);Transition(15904);Transition(16298)
Contig.1,V3,50,41,46,46,89.130,Transition(72);Transition(4580);Transition(12810);Transition(15904);Transition(16298)
Contig.1,V4,50,41,46,46,89.130,Transition(72);Transition(4580);Transition(15250);Transition(15904);Transition(16298)
Contig.1,V6,50,41,46,46,89.130,Transition(72);Transition(4580);Transition(15904);Transition(16162);Transition(16298)
Contig.1,H3h4,50,41,46,46,89.130,Transition(217);Transition(6776);Transition(11944);Transition(12811);Transition(13713)
Contig.1,H1a3a3,50,41,46,46,89.130,Transition(3010);Transition(14978);Transition(16051);Transition(16162);Transition(16259)
Contig.1,H8_114,50,41,46,46,89.130,Transition(114);Transition(709);Transversion(13101);Transition(16288);Transition(16362)
Contig.1,HV1a2,50,41,46,46,89.130,Transition(4596);Transversion(8014);Transition(8277);Transition(15218);Transition(16067)
Contig.1,H11a3,50,41,46,46,89.130,Transversion(961);Transition(8448);Transition(13759);Transition(16243);Transition(16293)
Contig.1,H11a5,50,41,46,46,89.130,Transversion(961);Transition(8448);Transition(13759);Transition(15040);Transition(16293)
Contig.1,HV_73,50,40,40,40,100.000,
Contig.1,R0,50,40,40,40,100.000,
Contig.1,HV_16311,50,40,40,40,100.000,
Contig.1,HV9,50,40,41,41,97.561,Transition(8994)
Contig.1,HV8,50,40,41,41,97.561,Transition(16354)
Contig.1,HV5,50,40,41,41,97.561,Transition(12133)
Contig.1,HV16,50,40,41,41,97.561,Transversion(12492)
Contig.1,HV11,50,40,41,41,97.561,Transition(6040)
Contig.1,HV10,50,40,41,41,97.561,Transition(13449)
Contig.1,HV0_195,50,40,42,42,95.238,Transition(72);Transition(16298)
Contig.1,HV6,50,40,42,42,95.238,Transition(6755);Transition(16172)
Contig.1,HV9b,50,40,42,42,95.238,Transition(8994);Transition(16249)
Contig.1,HV0f,50,40,42,42,95.238,Transition(8706);Transition(16298)
Contig.1,HV15,50,40,42,42,95.238,Transition(5746);Transition(16234)
Contig.1,HV17,50,40,42,42,95.238,Transition(3397);Transition(16111)
Contig.1,HV0b,50,40,43,43,93.023,Transition(72);Transition(198);Transition(16298)
Contig.1,HV11a,50,40,43,43,93.023,Transition(6040);Transition(9000);Transition(10283)
Contig.1,HV4a2,50,40,43,43,93.023,Transition(7094);Transition(7805);Transition(16221)
Contig.1,HV9c,50,40,43,43,93.023,Transition(6248);Transition(8994);Transition(16286)
Contig.1,HV0c,50,40,43,43,93.023,Transition(72);Transition(6413);Transition(16298)
Contig.1,HV4c,50,40,43,43,93.023,Transition(3834);Transition(7094);Transition(10356)
Contig.1,HV0d,50,40,43,43,93.023,Transition(72);Transition(15110);Transition(16298)
Contig.1,HV14,50,40,43,43,93.023,Transition(480);Transition(4655);Transition(15115)
Contig.1,H1ao1,50,40,43,43,93.023,Transition(93);Transition(3010);Transition(11809)
Contig.1,R0a'b,50,40,44,44,90.909,Transition(58);Transition(64);Transition(2442);Transition(16362)
Contig.1,H11a_152,50,40,44,44,90.909,Transversion(961);Transition(8448);Transition(13759);Transition(16293)
Contig.1,V2,50,40,44,44,90.909,Transition(72);Transition(4580);Transition(15904);Transition(16298)
Contig.1,HV1b_152,50,40,44,44,90.909,Transversion(8014);Transition(12696);Transition(15218);Transition(16067)
Contig.1,HV4a2b,50,40,44,44,90.909,Transition(7094);Transition(7805);Transition(11671);Transition(16221)
Contig.1,HV9_152,50,39,40,40,97.500,Transition(8994)
Contig.1,HV7,50,39,41,41,95.122,Transition(5471);Transition(14560)
Contig.1,HV9a,50,39,41,41,95.122,Transition(131);Transition(8994)
Contig.1,HV4a2a,50,39,42,42,92.857,Transition(7094);Transition(7805);Transition(16287)
Contig.1,HV9a1,50,39,43,43,90.698,Transition(131);Transition(5480);Transition(8994);Transition(11257)
Contig.1,HV0e,50,39,43,43,90.698,Transition(72);Transition(10609);Transition(15454);Transition(16298)
Contig.1,R,50,38,38,38,100.000,
Contig.1,R30,50,38,39,39,97.436,Transition(8584)
Contig.1,P,50,38,39,39,97.436,Transition(15607)
Contig.1,R2'JT,50,38,39,39,97.436,Transition(4216)
Contig.1,R31,50,38,40,40,95.000,Transition(15884);Transition(16362)
Contig.1,P_16176,50,38,40,40,95.000,Transition(15607);Transition(16176)
Contig.1,R30b,50,38,40,40,95.000,Transition(373);Transition(8584)
Contig.1,P2'10,50,38,41,41,92.683,Transition(3882);Transition(15607);Transition(16176)
Contig.1,R9,50,38,41,41,92.683,Transition(3970);Transversion(13928);Transition(16304)
Contig.1,P9,50,38,41,41,92.683,Transversion(3172);Transition(14788);Transition(15607)
Contig.1,U,50,38,41,41,92.683,Transition(11467);Transition(12308);Transition(12372)
Contig.1,JT,50,38,42,42,90.476,Transition(4216);Transition(11251);Transversion(15452);Transition(16126)
Contig.1,P9a,50,38,42,42,90.476,Transversion(3172);Transversion(13452);Transition(14788);Transition(15607)
Contig.1,R9b,50,38,42,42,90.476,Transition(1541);Transition(3970);Transversion(13928);Transition(16304)
Contig.1,U2'3'4'7'8'9,50,38,42,42,90.476,Transition(1811);Transition(11467);Transition(12308);Transition(12372)
Contig.1,R_16189,50,37,37,37,100.000,
Contig.1,R1,50,37,38,38,97.368,Transition(1391)
Contig.1,B,50,37,38,38,97.368,Deletion(8281)
Contig.1,R11'B6,50,37,38,38,97.368,Transition(12950)
Contig.1,R12'21,50,37,39,39,94.872,Transition(11404);Transition(16295)
Contig.1,R7,50,37,39,39,94.872,Transition(16319);Transition(16362)
Contig.1,B4,50,37,39,39,94.872,Deletion(8281);Transition(16217)
Contig.1,B4_16261,50,37,40,40,92.500,Deletion(8281);Transition(16217);Transition(16261)
Contig.1,R6,50,37,40,40,92.500,Transition(12285);Transition(16266);Transition(16362)
Contig.1,N10,50,37,40,40,92.500,Transition(5581);Transition(16172);Transition(16362)
Contig.1,P6,50,37,40,40,92.500,Transition(6719);Transition(15607);Transition(16362)
Contig.1,P4,50,37,40,40,92.500,Transition(1719);Transition(5460);Transition(15607)
Contig.1,B4b'd'e'j,50,37,41,41,90.244,Transition(827);Deletion(8281);Transition(15535);Transition(16217)
Contig.1,B4i,50,37,41,41,90.244,Transition(6302);Deletion(8281);Transition(16217);Transition(16261)
Contig.1,B4c,50,37,41,41,90.244,Transition(1119);Deletion(8281);Transition(15346);Transition(16217)
Contig.1,N,50,36,36,36,100.000,
Contig.1,N11,50,36,37,37,97.297,Transversion(11581)
Contig.1,N1'5,50,36,37,37,97.297,Transition(1719)
Contig.1,S,50,36,37,37,97.297,Transition(8404)
Contig.1,N9,50,36,37,37,97.297,Transition(5417)
Contig.1,R6_16129,50,36,39,39,92.308,Transition(12285);Transition(16266);Transition(16362)
Contig.1,S1,50,36,39,39,92.308,Transition(8404);Transversion(14384);Transition(16075)
Contig.1,O,50,36,39,39,92.308,Transition(6755);Transition(9140);Transition(16213)
Contig.1,N1,50,36,39,39,92.308,Transition(1719);Transition(10238);Transition(12501)
Contig.1,S2,50,36,40,40,90.000,Transition(2380);Transition(3438);Transition(6167);Transition(8404)
Contig.1,S_152,50,35,36,36,97.222,Transition(8404)
Contig.1,X,50,34,38,38,89.474,Transition(6221);Transition(6371);Transition(13966);Transition(14470)
Contig.1,L3,50,32,33,33,96.970,Transition(15301)
Contig.1,L3b'f,50,32,34,34,94.118,Transition(15301);Deletion(15944)
Contig.1,L3h,50,32,35,35,91.429,Transition(7861);Transition(9575);Transition(15301)
Contig.1,L3e'i'k'x,50,32,35,35,91.429,Transition(150);Transition(10819);Transition(15301)
Contig.1,L3c'd,50,30,31,31,96.774,Transition(15301)
Contig.1,L3'4,50,29,30,30,96.667,Transition(15301)
Contig.1,L4,50,28,31,31,90.323,Transition(5460);Transition(15301);Transition(16362)
Contig.1,L3'4'6,50,25,27,27,92.593,Transition(182);Transition(15301)
Contig.1,L2'3'4'6,50,23,25,25,92.000,Transition(182);Transition(15301)
Contig.1,L2'3'4'5'6,50,12,13,13,92.308,Transition(182)
