#CHROM	POS	REF	SRR2920576	SRR2920583	SRR2920584	SRR2920586	SRR2920587	SRR2920588	SRR2920592	SRR2920594	SRR2920595
chrM	73	A	G/	A/	A/	G/	G/	G/	G/	G/	G/
chrM	152	T	T/	C/	C/	C/	C/	C/	T/	C/	C/
chrM	182	CAGGCGAA	CAGGCGAA/	CAGGCGAA/	CAGGCGAA/	TAGTCGAG/	TAGTCGAG/	TAGTCGAG/	CAGACGAA/	CAGGCGAA/	CAGGCGAA/
chrM	195	T	A/	T/	T/	C/	C/	C/	T/	T/	T/
chrM	217	T	T/	T/	T/	T/	T/	T/	T/	C/	C/
chrM	228	G	G/	G/	G/	G/	G/	G/	A/	G/	G/
chrM	247	G	G/	G/	G/	A/	A/	A/	G/	G/	G/
chrM	263	A	G/	G/	G/	G/	G/	G/	G/	G/	G/
chrM	295	C	C/	C/	C/	C/	C/	C/	T/	C/	C/
chrM	309	CT	CCTC/	CT/	CT/	CT/	CT/	CT/	CCTC/	CT/	CT/
chrM	340	C	C/	C/	C/	C/	C/	C/	C/	T/	T/
chrM	357	A	A/	A/	A/	G/	G/	G/	A/	A/	A/
chrM	462	C	C/	C/	C/	C/	C/	C/	T/	C/	C/
chrM	489	T	C/	T/	T/	T/	T/	T/	C/	T/	T/
chrM	508	A	A/	A/	A/	A/	A/	A/	A/	G/	G/
chrM	513	GCACACACACAC	GCACACACAC/	GCACACACACAC/	GCACACACACAC/	GCACACACAC/	GCACACACAC/	GCACACACAC/	GCACACACACAC/	GCACACACACAC/	GCACACACACAC/
chrM	709	GT	GT/	GT/	GT/	AC/	AC/	AC/	GT/	GT/	GT/
chrM	750	A	G/	G/	G/	G/	G/	G/	G/	G/	G/
chrM	769	G	G/	G/	G/	A/	A/	A/	G/	G/	G/
chrM	825	T	T/	T/	T/	A/	A/	A/	T/	T/	T/
chrM	1018	G	G/	G/	G/	A/	A/	A/	G/	G/	G/
chrM	1438	A	G/	G/	G/	A/	A/	A/	G/	G/	G/
chrM	1738	T	T/	T/	T/	C/	C/	C/	T/	T/	T/
chrM	1811	A	A/	A/	A/	A/	A/	A/	A/	G/	G/
chrM	2352	T	T/	T/	T/	C/	C/	C/	T/	T/	T/
chrM	2414	C	C/	C/	C/	C/	C/	C/	C/	A/	A/
chrM	2706	A	G/	G/	G/	G/	G/	G/	G/	G/	G/
chrM	2758	G	G/	G/	G/	A/	A/	A/	G/	G/	G/
chrM	2768	A	A/	A/	A/	G/	G/	G/	A/	A/	A/
chrM	2885	T	T/	T/	T/	C/	C/	C/	T/	T/	T/
chrM	3010	G	G/	G/	G/	G/	G/	G/	A/	G/	G/
chrM	3105	ACN	AC/	AC/	AC/	AC/	AC/	AC/	AC/	AC/	AC/
chrM	3308	T	T/	T/	T/	C/	C/	C/	T/	T/	T/
chrM	3316	G	G/	G/	G/	G/	G/	G/	G/	A/	A/
chrM	3594	C	C/	C/	C/	T/	T/	T/	C/	C/	C/
chrM	3666	G	G/	G/	G/	A/	A/	A/	G/	G/	G/
chrM	3693	G	G/	G/	G/	A/	A/	A/	G/	G/	G/
chrM	3720	A	A/	A/	A/	A/	A/	A/	A/	G/	G/
chrM	3892	A	A/	G/	G/	A/	A/	A/	A/	A/	A/
chrM	4104	A	A/	A/	A/	G/	G/	G/	A/	A/	A/
chrM	4216	T	T/	T/	T/	T/	T/	T/	C/	T/	T/
chrM	4254	T	T/	C/	C/	T/	T/	T/	T/	T/	T/
chrM	4769	A	G/	G/	G/	G/	G/	G/	G/	G/	G/
chrM	5036	A	A/	A/	A/	G/	G/	G/	A/	A/	A/
chrM	5046	G	G/	G/	G/	A/	A/	A/	G/	G/	G/
chrM	5390	A	A/	A/	A/	A/	A/	A/	A/	G/	G/
chrM	5393	T	T/	T/	T/	C/	C/	C/	T/	T/	T/
chrM	5426	T	T/	T/	T/	T/	T/	T/	T/	C/	C/
chrM	5655	T	T/	T/	T/	C/	C/	C/	T/	T/	T/
chrM	6045	C	C/	C/	C/	C/	C/	C/	C/	T/	T/
chrM	6152	T	T/	T/	T/	T/	T/	T/	T/	C/	C/
chrM	6548	C	C/	C/	C/	T/	T/	T/	C/	C/	C/
chrM	6827	T	T/	T/	T/	C/	C/	C/	T/	T/	T/
chrM	6989	A	A/	A/	A/	G/	G/	G/	A/	A/	A/
chrM	7028	C	T/	T/	T/	T/	T/	T/	T/	T/	T/
chrM	7055	A	A/	A/	A/	G/	G/	G/	A/	A/	A/
chrM	7256	C	C/	C/	C/	T/	T/	T/	C/	C/	C/
chrM	7389	T	T/	T/	T/	C/	C/	C/	T/	T/	T/
chrM	7867	C	C/	C/	C/	T/	T/	T/	C/	C/	C/
chrM	8248	A	A/	A/	A/	G/	G/	G/	A/	A/	A/
chrM	8468	C	C/	C/	C/	T/	T/	T/	C/	C/	C/
chrM	8568	C	T/	C/	C/	C/	C/	C/	C/	C/	C/
chrM	8655	C	C/	C/	C/	T/	T/	T/	C/	C/	C/
chrM	8666	A	A/	A/	A/	A/	A/	A/	G/	A/	A/
chrM	8701	A	G/	A/	A/	G/	G/	G/	A/	A/	A/
chrM	8812	A	A/	A/	A/	A/	A/	A/	A/	T/	T/
chrM	8860	A	G/	G/	G/	G/	G/	G/	G/	G/	G/
chrM	9052	A	A/	A/	A/	A/	A/	A/	G/	A/	A/
chrM	9540	T	C/	T/	T/	C/	C/	C/	T/	T/	T/
chrM	10084	T	T/	T/	T/	T/	T/	T/	C/	T/	T/
chrM	10398	ACC	GCT/	ACC/	ACC/	GCC/	GCC/	GCC/	ACC/	ACC/	ACC/
chrM	10688	G	G/	G/	G/	A/	A/	A/	G/	G/	G/
chrM	10810	T	T/	T/	T/	C/	C/	C/	T/	T/	T/
chrM	10873	T	C/	T/	T/	C/	C/	C/	T/	T/	T/
chrM	10876	A	A/	A/	A/	A/	A/	A/	A/	G/	G/
chrM	11251	A	A/	A/	A/	A/	A/	A/	G/	A/	A/
chrM	11467	A	A/	A/	A/	A/	A/	A/	A/	G/	G/
chrM	11719	G	A/	G/	G/	A/	A/	A/	A/	A/	A/
chrM	11899	T	T/	T/	T/	T/	T/	T/	T/	C/	C/
chrM	12007	G	A/	G/	G/	G/	G/	G/	G/	G/	G/
chrM	12082	A	A/	A/	A/	G/	G/	G/	A/	A/	A/
chrM	12308	A	A/	A/	A/	A/	A/	A/	A/	G/	G/
chrM	12342	C	C/	C/	C/	T/	T/	T/	C/	C/	C/
chrM	12372	G	G/	G/	G/	G/	G/	G/	G/	A/	A/
chrM	12519	T	T/	T/	T/	C/	C/	C/	T/	T/	T/
chrM	12612	A	A/	A/	A/	A/	A/	A/	G/	A/	A/
chrM	12705	C	T/	C/	C/	T/	T/	T/	C/	C/	C/
chrM	13020	T	T/	T/	T/	T/	T/	T/	T/	C/	C/
chrM	13105	A	A/	A/	A/	G/	G/	G/	A/	A/	A/
chrM	13350	A	A/	A/	A/	A/	A/	A/	A/	G/	G/
chrM	13506	C	C/	C/	C/	T/	T/	T/	C/	C/	C/
chrM	13650	C	C/	C/	C/	T/	T/	T/	C/	C/	C/
chrM	13708	G	G/	G/	G/	G/	G/	G/	A/	G/	G/
chrM	13734	T	T/	T/	T/	T/	T/	T/	T/	C/	C/
chrM	13789	T	T/	T/	T/	C/	C/	C/	T/	T/	T/
chrM	13879	T	C/	T/	T/	T/	T/	T/	T/	T/	T/
chrM	13880	C	C/	C/	C/	A/	A/	A/	C/	C/	C/
chrM	13889	G	G/	A/	A/	G/	G/	G/	G/	G/	G/
chrM	14178	T	T/	T/	T/	C/	C/	C/	T/	T/	T/
chrM	14203	A	A/	A/	A/	G/	G/	G/	A/	A/	A/
chrM	14344	A	A/	G/	G/	A/	A/	A/	A/	A/	A/
chrM	14560	G	G/	G/	G/	A/	A/	A/	G/	G/	G/
chrM	14751	C	C/	C/	C/	C/	C/	C/	T/	C/	C/
chrM	14766	CTAA	TTAA/	CTAA/	CTAA/	TTAG/	TTAG/	TTAG/	TTAA/	TTAA/	TTAA/
chrM	14783	T	C/	T/	T/	T/	T/	T/	T/	T/	T/
chrM	14798	T	T/	T/	T/	T/	T/	T/	C/	T/	T/
chrM	15043	G	A/	G/	G/	G/	G/	G/	G/	G/	G/
chrM	15077	G	G/	G/	G/	A/	A/	A/	G/	G/	G/
chrM	15103	C	C/	C/	C/	T/	T/	T/	C/	C/	C/
chrM	15115	T	T/	T/	T/	C/	C/	C/	T/	T/	T/
chrM	15214	T	T/	T/	T/	T/	T/	T/	T/	C/	C/
chrM	15301	G	A/	G/	G/	G/	G/	G/	G/	G/	G/
chrM	15326	A	G/	G/	G/	G/	G/	G/	G/	G/	G/
chrM	15402	C	C/	G/	G/	C/	C/	C/	C/	C/	C/
chrM	15431	G	A/	G/	G/	G/	G/	G/	G/	G/	G/
chrM	15452	C	C/	C/	C/	C/	C/	C/	A/	C/	C/
chrM	15519	T	T/	T/	T/	T/	T/	T/	T/	C/	C/
chrM	15907	A	A/	A/	A/	A/	A/	A/	A/	G/	G/
chrM	16051	A	A/	A/	A/	A/	A/	A/	A/	G/	G/
chrM	16069	C	C/	C/	C/	C/	C/	C/	T/	C/	C/
chrM	16086	T	T/	T/	T/	T/	T/	T/	T/	C/	C/
chrM	16126	T	T/	T/	T/	C/	C/	C/	C/	T/	T/
chrM	16129	G	G/	G/	G/	G/	G/	G/	G/	C/	C/
chrM	16187	CCT	CCT/	CCT/	CCT/	TCC/	TCC/	TCC/	CCC/	CCC/	CCC/
chrM	16220	A	A/	C/	C/	A/	A/	A/	A/	A/	A/
chrM	16223	C	T/	C/	C/	T/	T/	T/	C/	C/	C/
chrM	16234	C	T/	C/	C/	C/	C/	C/	C/	C/	C/
chrM	16243	T	T/	C/	C/	T/	T/	T/	T/	T/	T/
chrM	16264	C	C/	C/	C/	T/	T/	T/	C/	C/	C/
chrM	16265	A	A/	A/	A/	A/	A/	A/	G/	A/	A/
chrM	16270	C	C/	C/	C/	T/	T/	T/	C/	C/	C/
chrM	16278	C	C/	C/	C/	T/	T/	T/	C/	C/	C/
chrM	16292	CA	CA/	TG/	TG/	CG/	CG/	CG/	CA/	CA/	CA/
chrM	16311	T	T/	T/	T/	C/	C/	C/	T/	C/	C/
chrM	16319	G	G/	G/	G/	G/	G/	G/	A/	G/	G/
chrM	16342	T	T/	C/	C/	T/	T/	T/	T/	T/	T/
chrM	16362	T	T/	T/	T/	T/	T/	T/	T/	C/	C/
chrM	16519	T	C/	C/	C/	C/	C/	C/	T/	C/	C/
