REF 	S-ALT1	S-VAF1	S-ALT2	S-VAF2 	N-ALT1	N-VAF1	N-ALT2	N-VAF2 	CHROM	POS	S-(A,C,G,T)	N-(A,C,G,T)
C 	T	1.0	-	0.0 	T	1.0	-	0.0 	chrMT 	146 	(0, 0, 0, 183) 	(0, 0, 0, 193)
C 	T	0.994	-	0.0 	T	0.994	-	0.0 	chrMT 	195 	(0, 1, 0, 154) 	(0, 1, 0, 160)
T 	C	1.0	-	0.0 	C	1.0	-	0.0 	chrMT 	199 	(0, 164, 0, 0) 	(0, 176, 0, 0)
A 	G	1.0	-	0.0 	G	1.0	-	0.0 	chrMT 	247 	(0, 0, 162, 0) 	(0, 0, 161, 0)
A 	AC	0.121	-	0.0 	-	0.0	-	0.0 	chrMT 	302 	(57, 0, 0, 1) 	(56, 3, 0, 0)
C 	CCT	0.353	-	0.0 	CCT	0.369	-	0.0 	chrMT 	309 	(0, 65, 0, 1) 	(0, 70, 0, 0)
T 	TC	0.106	C	0.746 	TC	0.16	C	0.73 	chrMT 	310 	(0, 44, 0, 15) 	(0, 46, 0, 17)
T 	A	0.047	-	0.0 	-	0.0	-	0.0 	chrMT 	507 	(5, 0, 0, 101) 	(3, 0, 0, 101)
CNN 	CNNACA	0.247	C	0.168 	CNNACA	0.217	C	0.207 	chrMT 	522 	(0, 140, 0, 0) 	(0, 148, 0, 0)
N 	A	0.214	C	0.786 	A	0.283	C	0.707 	chrMT 	523 	(18, 66, 0, 0) 	(26, 65, 0, 1)
N 	C	0.971	-	0.0 	C	1.0	-	0.0 	chrMT 	524 	(0, 34, 1, 0) 	(0, 44, 0, 0)
T 	A	0.038	-	0.0 	A	0.043	-	0.0 	chrMT 	588 	(7, 0, 0, 176) 	(9, 0, 0, 201)
T 	-	0.0	-	0.0 	A	0.021	-	0.0 	chrMT 	593 	(4, 0, 0, 205) 	(5, 0, 0, 229)
T 	A	0.043	-	0.0 	A	0.039	-	0.0 	chrMT 	596 	(10, 0, 0, 221) 	(10, 0, 0, 246)
T 	-	0.0	-	0.0 	A	0.021	-	0.0 	chrMT 	605 	(4, 0, 0, 275) 	(6, 0, 0, 286)
T 	A	0.048	-	0.0 	A	0.03	-	0.0 	chrMT 	610 	(12, 0, 0, 240) 	(8, 0, 0, 263)
A 	T	0.013	-	0.0 	-	0.0	-	0.0 	chrMT 	731 	(372, 0, 0, 5) 	(389, 0, 0, 2)
A 	G	1.0	-	0.0 	G	1.0	-	0.0 	chrMT 	769 	(0, 0, 392, 0) 	(0, 0, 430, 0)
A 	T	0.997	-	0.0 	T	0.992	-	0.0 	chrMT 	825 	(1, 0, 0, 327) 	(3, 0, 0, 350)
A 	T	0.014	-	0.0 	-	0.0	-	0.0 	chrMT 	881 	(349, 0, 0, 5) 	(365, 0, 0, 0)
T 	A	0.015	-	0.0 	-	0.0	-	0.0 	chrMT 	888 	(5, 0, 0, 329) 	(0, 0, 0, 346)
A 	G	1.0	-	0.0 	G	0.995	-	0.0 	chrMT 	994 	(0, 0, 365, 0) 	(2, 0, 391, 0)
A 	-	0.0	-	0.0 	T	0.014	-	0.0 	chrMT 	996 	(321, 0, 0, 0) 	(360, 0, 0, 5)
A 	G	1.0	-	0.0 	G	0.997	-	0.0 	chrMT 	1018 	(0, 0, 353, 0) 	(1, 0, 385, 0)
T 	-	0.0	-	0.0 	A	0.013	-	0.0 	chrMT 	1091 	(0, 0, 0, 357) 	(5, 0, 0, 393)
T 	A	0.018	-	0.0 	-	0.0	-	0.0 	chrMT 	1114 	(6, 0, 0, 331) 	(3, 0, 0, 360)
A 	T	0.014	-	0.0 	-	0.0	-	0.0 	chrMT 	1140 	(349, 1, 0, 5) 	(388, 0, 1, 0)
T 	C	1.0	-	0.0 	C	1.0	-	0.0 	chrMT 	1189 	(0, 400, 0, 0) 	(0, 458, 0, 0)
T 	A	0.013	-	0.0 	-	0.0	-	0.0 	chrMT 	1219 	(5, 0, 0, 382) 	(0, 0, 0, 405)
T 	-	0.0	-	0.0 	C	0.025	-	0.0 	chrMT 	1413 	(0, 0, 0, 254) 	(2, 7, 2, 268)
A 	T	0.014	-	0.0 	-	0.0	-	0.0 	chrMT 	1435 	(361, 0, 0, 5) 	(414, 0, 0, 3)
T 	-	0.0	-	0.0 	A	0.012	-	0.0 	chrMT 	1437 	(0, 2, 0, 390) 	(5, 0, 0, 418)
T 	-	0.0	-	0.0 	A	0.012	-	0.0 	chrMT 	1522 	(2, 0, 0, 360) 	(5, 0, 0, 401)
T 	-	0.0	-	0.0 	A	0.013	-	0.0 	chrMT 	1729 	(2, 0, 0, 314) 	(5, 0, 0, 372)
A 	T	0.014	-	0.0 	-	0.0	-	0.0 	chrMT 	1789 	(341, 0, 0, 5) 	(350, 0, 0, 0)
A 	G	1.0	-	0.0 	G	0.997	-	0.0 	chrMT 	1811 	(0, 0, 326, 0) 	(1, 0, 341, 0)
T 	-	0.0	-	0.0 	A	0.015	-	0.0 	chrMT 	2266 	(1, 0, 0, 294) 	(5, 0, 0, 337)
A 	-	0.0	-	0.0 	T	0.014	-	0.0 	chrMT 	2604 	(354, 0, 0, 2) 	(344, 0, 0, 5)
T 	A	0.012	-	0.0 	-	0.0	-	0.0 	chrMT 	2680 	(5, 0, 0, 396) 	(1, 0, 0, 420)
A 	G	1.0	-	0.0 	G	1.0	-	0.0 	chrMT 	2758 	(0, 0, 329, 0) 	(0, 0, 381, 0)
C 	T	0.997	-	0.0 	T	1.0	-	0.0 	chrMT 	2885 	(1, 0, 0, 346) 	(0, 0, 0, 411)
CN 	C	0.662	-	0.0 	C	0.658	-	0.0 	chrMT 	3106 	(0, 343, 0, 0) 	(0, 345, 0, 0)
N 	-	0.0	-	0.0 	C	0.8	-	0.0 	chrMT 	3107 	(0, 4, 0, 1) 	(0, 8, 0, 2)
A 	-	0.0	-	0.0 	G	0.015	-	0.0 	chrMT 	3182 	(332, 0, 0, 1) 	(385, 0, 6, 1)
A 	-	0.0	-	0.0 	G	0.015	-	0.0 	chrMT 	3241 	(389, 0, 0, 0) 	(400, 0, 6, 1)
T 	A	0.011	-	0.0 	-	0.0	-	0.0 	chrMT 	3396 	(5, 0, 0, 469) 	(2, 0, 0, 495)
T 	-	0.0	-	0.0 	A	0.011	-	0.0 	chrMT 	3456 	(0, 0, 0, 379) 	(5, 0, 0, 434)
T 	A	0.014	-	0.0 	-	0.0	-	0.0 	chrMT 	3472 	(5, 0, 0, 346) 	(1, 0, 0, 445)
A 	G	0.997	-	0.0 	G	1.0	-	0.0 	chrMT 	3480 	(0, 0, 383, 1) 	(0, 0, 477, 0)
T 	-	0.0	-	0.0 	A	0.024	-	0.0 	chrMT 	3535 	(4, 0, 0, 319) 	(8, 0, 0, 332)
T 	C	1.0	-	0.0 	C	1.0	-	0.0 	chrMT 	3594 	(0, 231, 0, 0) 	(0, 254, 0, 0)
G 	A	0.997	-	0.0 	A	1.0	-	0.0 	chrMT 	4104 	(395, 0, 0, 1) 	(420, 0, 0, 0)
T 	C	1.0	-	0.0 	C	1.0	-	0.0 	chrMT 	4312 	(0, 242, 0, 0) 	(0, 300, 0, 0)
T 	C	1.0	-	0.0 	C	1.0	-	0.0 	chrMT 	4646 	(0, 328, 0, 0) 	(0, 347, 0, 0)
T 	-	0.0	-	0.0 	A	0.019	-	0.0 	chrMT 	4866 	(1, 0, 0, 390) 	(7, 0, 0, 362)
A 	-	0.0	-	0.0 	T	0.013	-	0.0 	chrMT 	4897 	(377, 0, 0, 1) 	(387, 0, 0, 5)
T 	A	0.012	-	0.0 	-	0.0	-	0.0 	chrMT 	4977 	(5, 0, 0, 397) 	(2, 0, 0, 427)
T 	A	0.015	-	0.0 	A	0.026	-	0.0 	chrMT 	5412 	(5, 0, 0, 334) 	(9, 0, 0, 336)
T 	A	0.018	-	0.0 	-	0.0	-	0.0 	chrMT 	5442 	(5, 0, 0, 269) 	(3, 0, 0, 300)
A 	-	0.0	-	0.0 	T	0.018	-	0.0 	chrMT 	5469 	(252, 1, 0, 0) 	(274, 0, 0, 5)
T 	-	0.0	-	0.0 	A	0.017	-	0.0 	chrMT 	5483 	(3, 0, 0, 249) 	(5, 0, 0, 284)
T 	-	0.0	-	0.0 	A	0.015	-	0.0 	chrMT 	5492 	(2, 0, 0, 276) 	(5, 0, 0, 324)
T 	A	0.02	-	0.0 	-	0.0	-	0.0 	chrMT 	5609 	(5, 0, 0, 251) 	(2, 0, 0, 252)
G 	A	0.997	-	0.0 	A	0.997	-	0.0 	chrMT 	5913 	(289, 0, 0, 1) 	(305, 0, 0, 1)
T 	A	0.017	-	0.0 	-	0.0	-	0.0 	chrMT 	5925 	(6, 0, 0, 342) 	(1, 0, 0, 401)
T 	A	0.011	-	0.0 	-	0.0	-	0.0 	chrMT 	6393 	(5, 0, 0, 438) 	(1, 0, 0, 428)
A 	T	0.016	-	0.0 	-	0.0	-	0.0 	chrMT 	6555 	(367, 0, 0, 6) 	(368, 0, 0, 0)
T 	-	0.0	-	0.0 	A	0.012	-	0.0 	chrMT 	6558 	(2, 0, 0, 522) 	(6, 0, 0, 487)
A 	C	0.015	-	0.0 	-	0.0	-	0.0 	chrMT 	6565 	(320, 5, 0, 1) 	(319, 3, 0, 0)
T 	-	0.0	-	0.0 	A	0.012	-	0.0 	chrMT 	6719 	(0, 0, 0, 400) 	(5, 0, 0, 420)
A 	T	0.017	-	0.0 	-	0.0	-	0.0 	chrMT 	6980 	(452, 0, 0, 8) 	(457, 0, 0, 3)
T 	A	0.013	-	0.0 	-	0.0	-	0.0 	chrMT 	7021 	(6, 0, 1, 447) 	(4, 0, 0, 414)
A 	T	0.016	-	0.0 	-	0.0	-	0.0 	chrMT 	7087 	(302, 0, 0, 5) 	(320, 0, 0, 2)
G 	A	1.0	-	0.0 	A	0.997	-	0.0 	chrMT 	7146 	(268, 0, 0, 0) 	(299, 0, 0, 1)
T 	A	0.014	-	0.0 	-	0.0	-	0.0 	chrMT 	7179 	(5, 0, 0, 355) 	(0, 0, 0, 364)
T 	C	1.0	-	0.0 	C	1.0	-	0.0 	chrMT 	7256 	(0, 349, 0, 0) 	(0, 347, 0, 0)
A 	T	0.014	-	0.0 	-	0.0	-	0.0 	chrMT 	7299 	(360, 0, 0, 5) 	(338, 0, 0, 0)
C 	G	0.084	-	0.0 	G	0.097	-	0.0 	chrMT 	7397 	(0, 131, 12, 0) 	(0, 120, 13, 1)
C 	G	0.135	-	0.0 	G	0.134	-	0.0 	chrMT 	7398 	(0, 128, 20, 0) 	(0, 123, 19, 0)
C 	G	0.175	-	0.0 	G	0.253	-	0.0 	chrMT 	7399 	(0, 127, 27, 0) 	(0, 115, 39, 0)
A 	G	1.0	-	0.0 	G	1.0	-	0.0 	chrMT 	7521 	(0, 0, 259, 0) 	(0, 0, 264, 0)
A 	-	0.0	-	0.0 	T	0.015	-	0.0 	chrMT 	8132 	(293, 0, 0, 0) 	(328, 0, 0, 5)
T 	-	0.0	-	0.0 	A	0.015	-	0.0 	chrMT 	8226 	(0, 0, 0, 358) 	(5, 0, 0, 336)
T 	A	0.057	-	0.0 	A	0.037	-	0.0 	chrMT 	8277 	(11, 0, 0, 183) 	(6, 0, 0, 158)
T 	A	0.032	-	0.0 	-	0.0	-	0.0 	chrMT 	8279 	(5, 0, 0, 150) 	(3, 0, 0, 134)
T 	A	0.035	-	0.0 	A	0.038	-	0.0 	chrMT 	8286 	(8, 0, 0, 221) 	(8, 0, 0, 200)
T 	A	0.04	-	0.0 	A	0.027	-	0.0 	chrMT 	8288 	(8, 0, 0, 192) 	(5, 0, 0, 181)
T 	A	0.064	-	0.0 	A	0.06	-	0.0 	chrMT 	8298 	(14, 0, 0, 204) 	(14, 0, 0, 219)
T 	A	0.031	-	0.0 	A	0.027	-	0.0 	chrMT 	8306 	(7, 0, 0, 217) 	(6, 0, 0, 219)
T 	A	0.025	-	0.0 	A	0.055	-	0.0 	chrMT 	8310 	(6, 0, 0, 234) 	(14, 0, 0, 241)
T 	A	0.02	-	0.0 	A	0.026	-	0.0 	chrMT 	8316 	(5, 0, 0, 247) 	(7, 0, 0, 267)
T 	A	0.042	-	0.0 	A	0.036	-	0.0 	chrMT 	8322 	(11, 0, 0, 248) 	(10, 0, 0, 269)
T 	C	1.0	-	0.0 	C	0.997	-	0.0 	chrMT 	8468 	(0, 286, 0, 0) 	(1, 296, 0, 0)
T 	A	0.021	-	0.0 	-	0.0	-	0.0 	chrMT 	8490 	(5, 0, 0, 228) 	(1, 0, 0, 231)
T 	-	0.0	-	0.0 	A	0.016	-	0.0 	chrMT 	8615 	(4, 0, 0, 307) 	(5, 0, 0, 300)
T 	C	1.0	-	0.0 	C	0.997	-	0.0 	chrMT 	8655 	(0, 399, 0, 0) 	(1, 351, 0, 0)
G 	A	0.997	-	0.0 	A	0.996	-	0.0 	chrMT 	8701 	(285, 0, 0, 1) 	(270, 0, 0, 1)
T 	-	0.0	-	0.0 	A	0.019	-	0.0 	chrMT 	8763 	(2, 0, 0, 275) 	(6, 0, 0, 309)
G 	A	0.997	-	0.0 	A	0.993	-	0.0 	chrMT 	9055 	(285, 0, 0, 1) 	(290, 0, 1, 1)
A 	T	0.011	-	0.0 	-	0.0	-	0.0 	chrMT 	9217 	(432, 0, 0, 5) 	(462, 0, 0, 1)
T 	-	0.0	-	0.0 	A	0.012	-	0.0 	chrMT 	9224 	(3, 0, 0, 392) 	(5, 0, 0, 428)
T 	-	0.0	-	0.0 	A	0.014	-	0.0 	chrMT 	9428 	(0, 0, 0, 317) 	(5, 0, 0, 340)
C 	T	0.991	-	0.0 	T	0.988	-	0.0 	chrMT 	9540 	(1, 1, 0, 223) 	(3, 0, 0, 254)
T 	-	0.0	-	0.0 	A	0.022	-	0.0 	chrMT 	9552 	(2, 0, 0, 225) 	(6, 0, 0, 265)
T 	-	0.0	-	0.0 	A	0.025	-	0.0 	chrMT 	9577 	(4, 0, 1, 257) 	(7, 0, 0, 273)
T 	-	0.0	-	0.0 	A	0.028	-	0.0 	chrMT 	9586 	(4, 0, 0, 270) 	(9, 0, 0, 307)
T 	C	0.997	-	0.0 	C	1.0	-	0.0 	chrMT 	9698 	(0, 330, 0, 1) 	(0, 345, 0, 0)
T 	A	0.018	-	0.0 	-	0.0	-	0.0 	chrMT 	9858 	(5, 0, 0, 272) 	(0, 0, 0, 319)
G 	A	0.991	-	0.0 	A	0.997	-	0.0 	chrMT 	9962 	(314, 0, 2, 1) 	(295, 0, 0, 1)
A 	G	0.997	-	0.0 	G	1.0	-	0.0 	chrMT 	10289 	(1, 0, 308, 0) 	(0, 0, 322, 0)
T 	-	0.0	-	0.0 	A	0.017	-	0.0 	chrMT 	10315 	(3, 0, 0, 258) 	(5, 0, 0, 292)
T 	-	0.0	-	0.0 	A	0.013	-	0.0 	chrMT 	10324 	(0, 0, 0, 338) 	(5, 0, 0, 367)
A 	G	1.0	-	0.0 	G	1.0	-	0.0 	chrMT 	10550 	(0, 0, 415, 0) 	(0, 0, 449, 0)
T 	A	0.015	-	0.0 	-	0.0	-	0.0 	chrMT 	10563 	(6, 0, 0, 403) 	(2, 0, 0, 444)
T 	C	1.0	-	0.0 	C	0.998	-	0.0 	chrMT 	10664 	(0, 569, 0, 0) 	(0, 554, 0, 1)
A 	G	1.0	-	0.0 	G	1.0	-	0.0 	chrMT 	10688 	(0, 0, 532, 0) 	(0, 0, 513, 0)
T 	A	0.019	-	0.0 	-	0.0	-	0.0 	chrMT 	10776 	(6, 0, 0, 305) 	(0, 0, 0, 366)
T 	A	0.022	-	0.0 	-	0.0	-	0.0 	chrMT 	10800 	(6, 0, 0, 272) 	(2, 0, 0, 351)
C 	T	0.993	-	0.0 	T	0.992	-	0.0 	chrMT 	10810 	(2, 0, 0, 284) 	(3, 0, 0, 371)
C 	T	0.996	-	0.0 	T	1.0	-	0.0 	chrMT 	10873 	(1, 0, 0, 279) 	(0, 0, 0, 305)
C 	T	1.0	-	0.0 	T	1.0	-	0.0 	chrMT 	10915 	(0, 0, 0, 206) 	(0, 0, 0, 205)
T 	-	0.0	-	0.0 	A	0.013	-	0.0 	chrMT 	11123 	(1, 0, 0, 295) 	(5, 0, 0, 373)
A 	T	0.017	-	0.0 	-	0.0	-	0.0 	chrMT 	11134 	(286, 0, 0, 5) 	(348, 0, 0, 1)
T 	C	1.0	-	0.0 	C	0.996	-	0.0 	chrMT 	11299 	(0, 423, 0, 0) 	(1, 480, 0, 1)
T 	A	0.012	-	0.0 	-	0.0	-	0.0 	chrMT 	11327 	(5, 0, 0, 400) 	(2, 0, 0, 441)
A 	-	0.0	-	0.0 	T	0.011	-	0.0 	chrMT 	11375 	(377, 0, 0, 3) 	(446, 0, 0, 5)
A 	-	0.0	-	0.0 	T	0.01	-	0.0 	chrMT 	11397 	(386, 0, 0, 0) 	(474, 0, 0, 5)
A 	G	1.0	-	0.0 	G	1.0	-	0.0 	chrMT 	11467 	(0, 0, 511, 0) 	(0, 0, 490, 0)
T 	A	0.009	-	0.0 	-	0.0	-	0.0 	chrMT 	11487 	(5, 0, 0, 550) 	(0, 0, 0, 508)
T 	A	0.011	-	0.0 	-	0.0	-	0.0 	chrMT 	11505 	(5, 0, 0, 464) 	(0, 0, 0, 439)
T 	-	0.0	-	0.0 	A	0.014	-	0.0 	chrMT 	11617 	(3, 0, 0, 453) 	(6, 3, 0, 425)
A 	-	0.0	-	0.0 	T	0.012	-	0.0 	chrMT 	11639 	(445, 0, 0, 1) 	(429, 0, 0, 5)
G 	-	0.0	-	0.0 	A	0.01	-	0.0 	chrMT 	11690 	(0, 0, 429, 0) 	(5, 0, 476, 0)
A 	-	0.0	-	0.0 	G	0.016	-	0.0 	chrMT 	11893 	(377, 0, 0, 1) 	(371, 0, 6, 3)
A 	G	1.0	-	0.0 	G	1.0	-	0.0 	chrMT 	11914 	(0, 0, 452, 0) 	(0, 0, 463, 0)
A 	G	0.998	-	0.0 	G	1.0	-	0.0 	chrMT 	11923 	(0, 0, 441, 1) 	(0, 0, 442, 0)
T 	-	0.0	-	0.0 	A	0.012	-	0.0 	chrMT 	12047 	(3, 0, 0, 383) 	(5, 0, 0, 420)
A 	T	0.013	-	0.0 	-	0.0	-	0.0 	chrMT 	12052 	(380, 0, 0, 5) 	(383, 0, 0, 0)
A 	G	0.997	-	0.0 	G	1.0	-	0.0 	chrMT 	12308 	(1, 0, 358, 0) 	(0, 0, 376, 0)
G 	A	0.996	-	0.0 	A	0.992	-	0.0 	chrMT 	12372 	(268, 0, 1, 0) 	(251, 0, 1, 1)
T 	A	0.026	-	0.0 	A	0.026	-	0.0 	chrMT 	12395 	(6, 0, 0, 227) 	(6, 0, 0, 227)
T 	A	0.028	-	0.0 	A	0.023	-	0.0 	chrMT 	12404 	(8, 0, 0, 274) 	(6, 0, 0, 253)
T 	A	0.038	-	0.0 	A	0.037	-	0.0 	chrMT 	12414 	(8, 0, 0, 202) 	(8, 1, 0, 210)
T 	A	0.032	-	0.0 	A	0.028	-	0.0 	chrMT 	12427 	(9, 0, 0, 272) 	(8, 0, 0, 282)
A 	T	0.018	-	0.0 	-	0.0	-	0.0 	chrMT 	12493 	(269, 0, 0, 5) 	(333, 0, 0, 3)
T 	A	0.021	-	0.0 	-	0.0	-	0.0 	chrMT 	12678 	(6, 0, 0, 286) 	(1, 0, 0, 320)
T 	C	0.997	-	0.0 	C	1.0	-	0.0 	chrMT 	12705 	(0, 337, 1, 0) 	(0, 367, 0, 0)
T 	-	0.0	-	0.0 	A	0.017	-	0.0 	chrMT 	12706 	(2, 0, 0, 324) 	(6, 1, 0, 337)
T 	-	0.0	-	0.0 	A	0.012	-	0.0 	chrMT 	12977 	(4, 0, 0, 357) 	(5, 0, 0, 414)
T 	A	0.062	-	0.0 	A	0.07	-	0.0 	chrMT 	13030 	(18, 0, 0, 273) 	(22, 0, 0, 292)
T 	A	0.017	-	0.0 	-	0.0	-	0.0 	chrMT 	13034 	(5, 0, 1, 288) 	(2, 0, 0, 291)
T 	A	0.068	-	0.0 	A	0.065	-	0.0 	chrMT 	13039 	(20, 0, 0, 273) 	(18, 0, 0, 258)
T 	A	0.021	-	0.0 	-	0.0	-	0.0 	chrMT 	13046 	(7, 0, 0, 322) 	(1, 1, 0, 307)
C 	G	0.191	-	0.0 	G	0.178	-	0.0 	chrMT 	13053 	(0, 195, 46, 0) 	(0, 194, 42, 0)
A 	C	0.03	-	0.0 	C	0.031	-	0.0 	chrMT 	13057 	(227, 7, 1, 2) 	(216, 7, 0, 2)
T 	-	0.0	-	0.0 	A	0.017	-	0.0 	chrMT 	13066 	(1, 0, 0, 301) 	(5, 0, 0, 281)
T 	A	0.022	-	0.0 	-	0.0	-	0.0 	chrMT 	13073 	(7, 0, 0, 318) 	(4, 0, 0, 298)
T 	-	0.0	-	0.0 	A	0.015	-	0.0 	chrMT 	13076 	(2, 0, 0, 334) 	(5, 0, 0, 325)
T 	A	0.024	-	0.0 	A	0.024	-	0.0 	chrMT 	13089 	(8, 0, 0, 330) 	(8, 0, 0, 319)
G 	A	0.995	-	0.0 	A	1.0	-	0.0 	chrMT 	13105 	(385, 0, 1, 1) 	(370, 0, 0, 0)
T 	A	0.011	-	0.0 	-	0.0	-	0.0 	chrMT 	13124 	(5, 0, 0, 430) 	(1, 0, 0, 431)
A 	T	0.013	-	0.0 	-	0.0	-	0.0 	chrMT 	13142 	(381, 0, 0, 5) 	(403, 0, 0, 1)
G 	A	0.991	-	0.0 	A	0.997	-	0.0 	chrMT 	13276 	(328, 0, 0, 3) 	(372, 0, 0, 1)
T 	-	0.0	-	0.0 	A	0.016	-	0.0 	chrMT 	13386 	(2, 0, 0, 341) 	(6, 0, 0, 361)
T 	C	1.0	-	0.0 	C	1.0	-	0.0 	chrMT 	13506 	(0, 467, 0, 0) 	(0, 444, 0, 0)
T 	C	1.0	-	0.0 	C	1.0	-	0.0 	chrMT 	13650 	(0, 344, 0, 0) 	(0, 341, 0, 0)
T 	A	0.025	-	0.0 	A	0.028	-	0.0 	chrMT 	13655 	(7, 0, 0, 278) 	(7, 0, 0, 244)
C 	G	0.108	-	0.0 	G	0.146	-	0.0 	chrMT 	13677 	(0, 181, 22, 0) 	(0, 146, 25, 0)
A 	C	0.023	-	0.0 	-	0.0	-	0.0 	chrMT 	13681 	(216, 5, 0, 1) 	(178, 2, 0, 0)
T 	A	0.037	-	0.0 	A	0.032	-	0.0 	chrMT 	13685 	(10, 0, 0, 263) 	(8, 0, 0, 241)
T 	A	0.034	-	0.0 	-	0.0	-	0.0 	chrMT 	13688 	(9, 0, 0, 255) 	(4, 0, 0, 236)
T 	A	0.02	-	0.0 	A	0.017	-	0.0 	chrMT 	13697 	(6, 0, 0, 292) 	(5, 0, 0, 281)
T 	A	0.036	-	0.0 	A	0.025	-	0.0 	chrMT 	13706 	(10, 0, 0, 271) 	(7, 0, 0, 268)
T 	-	0.0	-	0.0 	A	0.017	-	0.0 	chrMT 	13721 	(1, 0, 0, 294) 	(5, 0, 0, 295)
T 	A	0.032	-	0.0 	-	0.0	-	0.0 	chrMT 	13752 	(5, 0, 0, 153) 	(1, 0, 0, 146)
T 	-	0.0	-	0.0 	C	0.045	-	0.0 	chrMT 	13946 	(0, 0, 0, 257) 	(0, 14, 0, 297)
C 	T	1.0	-	0.0 	T	0.997	-	0.0 	chrMT 	13967 	(0, 0, 0, 280) 	(1, 0, 0, 306)
T 	A	0.017	-	0.0 	-	0.0	-	0.0 	chrMT 	14021 	(5, 2, 0, 285) 	(1, 0, 0, 326)
A 	G	1.0	-	0.0 	G	1.0	-	0.0 	chrMT 	14053 	(0, 0, 263, 0) 	(0, 0, 292, 0)
C 	T	0.991	-	0.0 	T	0.997	-	0.0 	chrMT 	14167 	(3, 0, 0, 330) 	(0, 1, 0, 338)
T 	-	0.0	-	0.0 	A	0.016	-	0.0 	chrMT 	14199 	(1, 0, 0, 284) 	(5, 0, 0, 314)
A 	T	0.017	-	0.0 	-	0.0	-	0.0 	chrMT 	14254 	(293, 0, 0, 5) 	(328, 0, 0, 1)
T 	-	0.0	-	0.0 	A	0.02	-	0.0 	chrMT 	14278 	(2, 0, 0, 319) 	(6, 0, 0, 298)
T 	A	0.018	-	0.0 	-	0.0	-	0.0 	chrMT 	14290 	(5, 0, 0, 276) 	(1, 1, 0, 285)
T 	A	0.018	-	0.0 	-	0.0	-	0.0 	chrMT 	14299 	(5, 0, 0, 266) 	(0, 0, 0, 245)
A 	-	0.0	-	0.0 	T	0.018	-	0.0 	chrMT 	14393 	(326, 0, 0, 0) 	(330, 0, 0, 6)
A 	-	0.0	-	0.0 	T	0.018	-	0.0 	chrMT 	14401 	(335, 0, 1, 1) 	(331, 0, 0, 6)
T 	-	0.0	-	0.0 	A	0.016	-	0.0 	chrMT 	14422 	(4, 0, 0, 323) 	(5, 0, 0, 314)
T 	C	1.0	-	0.0 	C	1.0	-	0.0 	chrMT 	14798 	(0, 238, 0, 0) 	(0, 297, 0, 0)
C 	G	0.216	-	0.0 	G	0.134	-	0.0 	chrMT 	14809 	(0, 120, 33, 0) 	(0, 161, 25, 0)
T 	A	0.022	-	0.0 	-	0.0	-	0.0 	chrMT 	14843 	(7, 0, 0, 310) 	(3, 0, 0, 368)
T 	-	0.0	-	0.0 	C	0.028	-	0.0 	chrMT 	15023 	(2, 0, 0, 374) 	(1, 13, 0, 443)
A 	-	0.0	-	0.0 	T	0.01	-	0.0 	chrMT 	15036 	(411, 0, 1, 1) 	(485, 0, 0, 5)
G 	A	1.0	-	0.0 	A	0.998	-	0.0 	chrMT 	15257 	(432, 0, 0, 0) 	(472, 0, 0, 1)
A 	T	0.011	-	0.0 	-	0.0	-	0.0 	chrMT 	15274 	(449, 0, 0, 5) 	(450, 0, 0, 4)
T 	-	0.0	-	0.0 	A	0.015	-	0.0 	chrMT 	15300 	(3, 0, 0, 403) 	(6, 0, 0, 405)
T 	-	0.0	-	0.0 	A	0.013	-	0.0 	chrMT 	15313 	(1, 0, 0, 400) 	(5, 0, 0, 395)
T 	A	0.011	-	0.0 	-	0.0	-	0.0 	chrMT 	15465 	(5, 0, 0, 434) 	(3, 0, 0, 436)
T 	A	0.031	-	0.0 	A	0.026	-	0.0 	chrMT 	15530 	(10, 0, 0, 309) 	(9, 0, 0, 343)
T 	-	0.0	-	0.0 	A	0.015	-	0.0 	chrMT 	15541 	(2, 0, 0, 303) 	(5, 0, 0, 339)
T 	-	0.0	-	0.0 	A	0.015	-	0.0 	chrMT 	15560 	(2, 0, 0, 399) 	(6, 0, 0, 402)
T 	-	0.0	-	0.0 	A	0.019	-	0.0 	chrMT 	15570 	(2, 0, 0, 371) 	(7, 1, 0, 360)
T 	A	0.011	-	0.0 	-	0.0	-	0.0 	chrMT 	15578 	(5, 0, 0, 441) 	(3, 0, 0, 416)
A 	T	0.011	-	0.0 	T	0.012	-	0.0 	chrMT 	15581 	(448, 0, 0, 5) 	(413, 0, 0, 5)
T 	-	0.0	-	0.0 	A	0.01	-	0.0 	chrMT 	15670 	(0, 0, 0, 411) 	(5, 0, 0, 513)
T 	-	0.0	-	0.0 	A	0.01	-	0.0 	chrMT 	15693 	(2, 0, 0, 418) 	(5, 0, 0, 502)
T 	A	0.013	-	0.0 	-	0.0	-	0.0 	chrMT 	15722 	(5, 0, 0, 369) 	(4, 0, 0, 415)
T 	-	0.0	-	0.0 	A	0.011	-	0.0 	chrMT 	15861 	(1, 0, 0, 396) 	(5, 0, 0, 459)
C 	T	1.0	-	0.0 	T	1.0	-	0.0 	chrMT 	15946 	(0, 0, 0, 300) 	(0, 0, 0, 300)
T 	C	0.997	-	0.0 	C	0.989	-	0.0 	chrMT 	16093 	(0, 333, 0, 1) 	(0, 267, 0, 3)
A 	G	1.0	-	0.0 	G	1.0	-	0.0 	chrMT 	16129 	(0, 0, 293, 0) 	(0, 0, 305, 0)
T 	C	0.99	-	0.0 	C	0.964	-	0.0 	chrMT 	16187 	(0, 204, 0, 2) 	(0, 190, 0, 7)
C 	T	0.962	-	0.0 	T	0.967	-	0.0 	chrMT 	16189 	(4, 3, 0, 175) 	(2, 4, 0, 175)
T 	A	0.044	-	0.0 	A	0.041	-	0.0 	chrMT 	16195 	(10, 0, 0, 215) 	(9, 0, 0, 213)
T 	C	0.996	-	0.0 	C	1.0	-	0.0 	chrMT 	16223 	(0, 234, 1, 0) 	(0, 268, 0, 0)
T 	C	1.0	-	0.0 	C	1.0	-	0.0 	chrMT 	16224 	(0, 233, 0, 0) 	(0, 270, 0, 0)
G 	A	1.0	-	0.0 	A	1.0	-	0.0 	chrMT 	16230 	(325, 0, 0, 0) 	(337, 0, 0, 0)
T 	A	0.015	-	0.0 	-	0.0	-	0.0 	chrMT 	16238 	(6, 0, 0, 390) 	(1, 0, 0, 399)
T 	A	0.017	-	0.0 	A	0.019	-	0.0 	chrMT 	16243 	(6, 0, 0, 354) 	(7, 0, 0, 355)
T 	C	1.0	-	0.0 	C	1.0	-	0.0 	chrMT 	16278 	(0, 410, 0, 0) 	(0, 437, 0, 0)
G 	A	0.997	-	0.0 	A	0.997	-	0.0 	chrMT 	16319 	(311, 0, 0, 1) 	(345, 0, 1, 0)
A 	C	0.022	-	0.0 	C	0.035	-	0.0 	chrMT 	16374 	(260, 6, 0, 1) 	(327, 12, 0, 2)
T 	A	0.013	-	0.0 	-	0.0	-	0.0 	chrMT 	16422 	(5, 0, 0, 373) 	(1, 0, 0, 381)
A 	G	1.0	-	0.0 	G	0.997	-	0.0 	chrMT 	16463 	(0, 0, 376, 0) 	(1, 0, 395, 0)
