REF 	S-ALT1	S-VAF1	S-ALT2	S-VAF2 	N-ALT1	N-VAF1	N-ALT2	N-VAF2 	CHROM	POS
TC 	-	0.0	-	0.0 	-	0.0	-	0.0 	chrMT 	63
C 	-	0.0	-	0.0 	-	0.0	-	0.0 	chrMT 	64
TG 	T	0.007	-	0.0 	T	0.002	-	0.0 	chrMT 	65
G 	-	0.0	-	0.0 	-	0.0	-	0.0 	chrMT 	66
A 	-	0.0	-	0.0 	-	0.0	-	0.0 	chrMT 	116
G 	-	0.0	-	0.0 	-	0.0	-	0.0 	chrMT 	143
C 	T	0.997	-	0.0 	T	0.996	-	0.0 	chrMT 	146
C 	T	0.998	-	0.0 	T	0.997	-	0.0 	chrMT 	152
A 	-	0.0	-	0.0 	-	0.0	-	0.0 	chrMT 	153
A 	-	0.0	-	0.0 	-	0.0	-	0.0 	chrMT 	189
T 	-	0.0	-	0.0 	-	0.0	-	0.0 	chrMT 	192
C 	-	0.0	-	0.0 	-	0.0	-	0.0 	chrMT 	194
C 	T	0.998	-	0.0 	T	0.998	-	0.0 	chrMT 	195
T 	-	0.0	-	0.0 	-	0.0	-	0.0 	chrMT 	196
T 	C	0.997	-	0.0 	C	0.999	-	0.0 	chrMT 	199
T 	C	0.997	-	0.0 	C	0.999	-	0.0 	chrMT 	204
G 	-	0.0	-	0.0 	-	0.0	-	0.0 	chrMT 	207
A 	-	0.0	-	0.0 	-	0.0	-	0.0 	chrMT 	235
A 	-	0.0	-	0.0 	-	0.0	-	0.0 	chrMT 	244
A 	-	0.0	-	0.0 	-	0.0	-	0.0 	chrMT 	247
T 	C	0.995	-	0.0 	-	0.0	-	0.0 	chrMT 	250
T 	-	0.0	-	0.0 	-	0.0	-	0.0 	chrMT 	266
A 			chrMT 	302
C 	CCT	0.114	-	0.0 	CCT	0.001	CCCT	0.1 	chrMT 	309
T 	TC	0.185	C	0.729 	TC	0.189	C	0.721 	chrMT 	310
C 	-	0.0	-	0.0 	CC	0.002	-	0.0 	chrMT 	312
C 	-	0.0	-	0.0 	CC	0.005	-	0.0 	chrMT 	313
C 	-	0.0	-	0.0 	CC	0.001	-	0.0 	chrMT 	314
C 	-	0.0	-	0.0 	-	0.0	-	0.0 	chrMT 	315
G 	-	0.0	-	0.0 	C	0.002	GC	0.004 	chrMT 	316
C 	CC	0.004	-	0.0 	CC	0.004	-	0.0 	chrMT 	317
T 	-	0.0	-	0.0 	TC	0.004	-	0.0 	chrMT 	318
T 	-	0.0	-	0.0 	TC	0.002	-	0.0 	chrMT 	319
T 	TC	0.006	-	0.0 	TC	0.007	-	0.0 	chrMT 	321
G 	-	0.0	-	0.0 	GC	0.002	-	0.0 	chrMT 	322
G 	-	0.0	-	0.0 	GC	0.002	-	0.0 	chrMT 	323
A 	-	0.0	-	0.0 	-	0.0	-	0.0 	chrMT 	326
A 	-	0.0	-	0.0 	-	0.0	-	0.0 	chrMT 	368
A 	G	0.999	-	0.0 	-	0.0	-	0.0 	chrMT 	385
A 	-	0.0	-	0.0 	-	0.0	-	0.0 	chrMT 	451
GCA 	-	0.0	-	0.0 	-	0.0	-	0.0 	chrMT 	513
CNN 	C	0.139	-	0.0 	C	0.131	-	0.0 	chrMT 	522
N 	A	0.995	C	0.005 	A	0.996	C	0.004 	chrMT 	523
NCG 	CCG	0.999	-	0.0 	-	0.0	-	0.0 	chrMT 	524
CGC 	-	0.0	-	0.0 	-	0.0	-	0.0 	chrMT 	525
GCT 	-	0.0	-	0.0 	-	0.0	-	0.0 	chrMT 	526
CTG 	-	0.0	-	0.0 	-	0.0	-	0.0 	chrMT 	527
TGC 	-	0.0	-	0.0 	-	0.0	-	0.0 	chrMT 	528
GCT 	-	0.0	-	0.0 	-	0.0	-	0.0 	chrMT 	529
CTA 	-	0.0	-	0.0 	-	0.0	-	0.0 	chrMT 	530
TAA 	-	0.0	-	0.0 	-	0.0	-	0.0 	chrMT 	531
AAC 	-	0.0	-	0.0 	-	0.0	-	0.0 	chrMT 	532
ACC 	-	0.0	-	0.0 	-	0.0	-	0.0 	chrMT 	533
CCC 	-	0.0	-	0.0 	-	0.0	-	0.0 	chrMT 	534
CCC 	-	0.0	-	0.0 	-	0.0	-	0.0 	chrMT 	535
CCA 	-	0.0	-	0.0 	-	0.0	-	0.0 	chrMT 	536
CAT 	-	0.0	-	0.0 	-	0.0	-	0.0 	chrMT 	537
A 	C	0.008	-	0.0 	C	0.009	-	0.0 	chrMT 	565
A 			chrMT 	567
C 	-	0.0	-	0.0 	G	0.003	-	0.0 	chrMT 	568
A 	C	0.054	-	0.0 	C	0.072	-	0.0 	chrMT 	574
T 	C	0.003	-	0.0 	-	0.0	-	0.0 	chrMT 	605
T 	-	0.0	-	0.0 	-	0.0	-	0.0 	chrMT 	610
G 	A	0.011	-	0.0 	-	0.0	-	0.0 	chrMT 	622
G 	-	0.0	-	0.0 	A	0.001	-	0.0 	chrMT 	625
A 	-	0.0	-	0.0 	-	0.0	-	0.0 	chrMT 	633
G 	C	0.003	-	0.0 	-	0.0	-	0.0 	chrMT 	658
A 	-	0.0	-	0.0 	-	0.0	-	0.0 	chrMT 	663
G 	-	0.0	-	0.0 	A	0.001	-	0.0 	chrMT 	709
A 	G	0.01	-	0.0 	-	0.0	-	0.0 	chrMT 	747
G 	-	0.0	-	0.0 	-	0.0	-	0.0 	chrMT 	749
A 	-	0.0	-	0.0 	G	0.001	-	0.0 	chrMT 	754
A 	-	0.0	-	0.0 	-	0.0	-	0.0 	chrMT 	769
A 	T	0.999	-	0.0 	-	0.0	-	0.0 	chrMT 	825
A 	-	0.0	-	0.0 	-	0.0	-	0.0 	chrMT 	827
T 	-	0.0	-	0.0 	-	0.0	-	0.0 	chrMT 	864
T 	-	0.0	-	0.0 	-	0.0	-	0.0 	chrMT 	875
T 	-	0.0	-	0.0 	-	0.0	-	0.0 	chrMT 	884
A 	G	0.002	-	0.0 	-	0.0	-	0.0 	chrMT 	914
G 	A	0.002	-	0.0 	-	0.0	-	0.0 	chrMT 	933
T 	-	0.0	-	0.0 	-	0.0	-	0.0 	chrMT 	953
T 	-	0.0	-	0.0 	-	0.0	-	0.0 	chrMT 	985
A 	-	0.0	-	0.0 	-	0.0	-	0.0 	chrMT 	1018
A 	G	0.003	-	0.0 	-	0.0	-	0.0 	chrMT 	1049
A 	G	0.005	-	0.0 	-	0.0	-	0.0 	chrMT 	1082
A 	-	0.0	-	0.0 	-	0.0	-	0.0 	chrMT 	1148
G 	-	0.0	-	0.0 	-	0.0	-	0.0 	chrMT 	1227
A 	-	0.0	-	0.0 	C	0.001	-	0.0 	chrMT 	1240
T 	-	0.0	-	0.0 	C	0.001	-	0.0 	chrMT 	1243
G 	A	0.002	-	0.0 	-	0.0	-	0.0 	chrMT 	1288
G 	-	0.0	-	0.0 	-	0.0	-	0.0 	chrMT 	1301
T 	-	0.0	-	0.0 	-	0.0	-	0.0 	chrMT 	1349
T 	C	0.002	-	0.0 	-	0.0	-	0.0 	chrMT 	1368
A 	-	0.0	-	0.0 	-	0.0	-	0.0 	chrMT 	1423
A 	-	0.0	-	0.0 	G	0.001	-	0.0 	chrMT 	1435
G 	-	0.0	-	0.0 	-	0.0	-	0.0 	chrMT 	1447
A 	-	0.0	-	0.0 	G	0.003	-	0.0 	chrMT 	1558
T 	-	0.0	-	0.0 	-	0.0	-	0.0 	chrMT 	1587
G 	A	0.008	-	0.0 	-	0.0	-	0.0 	chrMT 	1598
A 	-	0.0	-	0.0 	-	0.0	-	0.0 	chrMT 	1713
G 	A	0.998	-	0.0 	A	0.998	-	0.0 	chrMT 	1719
A 	-	0.0	-	0.0 	-	0.0	-	0.0 	chrMT 	1736
G 	A	0.003	-	0.0 	-	0.0	-	0.0 	chrMT 	1787
A 	-	0.0	-	0.0 	-	0.0	-	0.0 	chrMT 	1836
A 	-	0.0	-	0.0 	-	0.0	-	0.0 	chrMT 	1892
A 	-	0.0	-	0.0 	-	0.0	-	0.0 	chrMT 	1980
GA 	-	0.0	-	0.0 	-	0.0	-	0.0 	chrMT 	2129
A 	-	0.0	-	0.0 	-	0.0	-	0.0 	chrMT 	2220
T 	C	0.003	-	0.0 	-	0.0	-	0.0 	chrMT 	2233
T 	-	0.0	-	0.0 	-	0.0	-	0.0 	chrMT 	2385
T 	C	0.003	-	0.0 	-	0.0	-	0.0 	chrMT 	2392
A 	-	0.0	-	0.0 	-	0.0	-	0.0 	chrMT 	2402
A 	C	0.008	-	0.0 	C	0.012	-	0.0 	chrMT 	2487
G 	-	0.0	-	0.0 	-	0.0	-	0.0 	chrMT 	2528
G 	-	0.0	-	0.0 	A	0.001	-	0.0 	chrMT 	2537
C 	-	0.0	-	0.0 	-	0.0	-	0.0 	chrMT 	2538
C 	-	0.0	-	0.0 	G	0.001	-	0.0 	chrMT 	2540
T 	-	0.0	-	0.0 	-	0.0	-	0.0 	chrMT 	2552
C 	-	0.0	-	0.0 	-	0.0	-	0.0 	chrMT 	2557
A 	-	0.0	-	0.0 	-	0.0	-	0.0 	chrMT 	2558
G 	-	0.0	-	0.0 	A	0.001	-	0.0 	chrMT 	2571
G 	-	0.0	-	0.0 	-	0.0	-	0.0 	chrMT 	2596
A 	G	0.003	-	0.0 	G	0.003	-	0.0 	chrMT 	2623
T 	-	0.0	-	0.0 	-	0.0	-	0.0 	chrMT 	2626
G 	-	0.0	-	0.0 	-	0.0	-	0.0 	chrMT 	2647
TTCAG 	-	0.0	-	0.0 	-	0.0	-	0.0 	chrMT 	2648
CAG 	-	0.0	-	0.0 	C	0.001	-	0.0 	chrMT 	2650
G 	-	0.0	-	0.0 	GC	0.002	-	0.0 	chrMT 	2652
C 	-	0.0	-	0.0 	T	0.001	-	0.0 	chrMT 	2663
G 	-	0.0	-	0.0 	-	0.0	-	0.0 	chrMT 	2698
G 	-	0.0	-	0.0 	A	0.001	-	0.0 	chrMT 	2700
A 	G	0.004	-	0.0 	-	0.0	-	0.0 	chrMT 	2730
G 	-	0.0	-	0.0 	-	0.0	-	0.0 	chrMT 	2735
A 	-	0.0	-	0.0 	-	0.0	-	0.0 	chrMT 	2758
A 	G	0.004	-	0.0 	G	0.002	-	0.0 	chrMT 	2833
C 	-	0.0	-	0.0 	T	0.997	-	0.0 	chrMT 	2885
T 	G	0.007	-	0.0 	-	0.0	-	0.0 	chrMT 	2960
A 	-	0.0	-	0.0 	G	0.001	-	0.0 	chrMT 	3029
T 	-	0.0	-	0.0 	-	0.0	-	0.0 	chrMT 	3033
T 	-	0.0	-	0.0 	-	0.0	-	0.0 	chrMT 	3038
C 	-	0.0	-	0.0 	A	0.001	T	0.001 	chrMT 	3078
CN 	C	0.625	-	0.0 	C	0.615	-	0.0 	chrMT 	3106
N 	C	0.315	T	0.685 	C	0.333	T	0.663 	chrMT 	3107
TT 	-	0.0	-	0.0 	T	0.001	-	0.0 	chrMT 	3108
TC 	-	0.0	-	0.0 	T	0.002	-	0.0 	chrMT 	3109
CA 	-	0.0	-	0.0 	C	0.002	-	0.0 	chrMT 	3110
AA 	-	0.0	-	0.0 	A	0.002	-	0.0 	chrMT 	3111
AA 	-	0.0	-	0.0 	A	0.002	-	0.0 	chrMT 	3112
AT 	-	0.0	-	0.0 	-	0.0	-	0.0 	chrMT 	3113
TT 	-	0.0	-	0.0 	T	0.002	-	0.0 	chrMT 	3114
TC 	-	0.0	-	0.0 	T	0.002	-	0.0 	chrMT 	3115
CC 	-	0.0	-	0.0 	C	0.002	-	0.0 	chrMT 	3116
CT 	-	0.0	-	0.0 	-	0.0	-	0.0 	chrMT 	3117
TC 	-	0.0	-	0.0 	T	0.001	-	0.0 	chrMT 	3118
CC 	-	0.0	-	0.0 	C	0.001	-	0.0 	chrMT 	3119
CT 	-	0.0	-	0.0 	C	0.001	-	0.0 	chrMT 	3121
A 	-	0.0	-	0.0 	-	0.0	-	0.0 	chrMT 	3136
T 	-	0.0	-	0.0 	-	0.0	-	0.0 	chrMT 	3143
T 	-	0.0	-	0.0 	-	0.0	-	0.0 	chrMT 	3178
G 	A	0.006	-	0.0 	-	0.0	-	0.0 	chrMT 	3242
G 	A	0.012	-	0.0 	A	0.002	-	0.0 	chrMT 	3244
T 	-	0.0	-	0.0 	-	0.0	-	0.0 	chrMT 	3250
T 	-	0.0	-	0.0 	A	0.002	-	0.0 	chrMT 	3488
A 	C	0.016	-	0.0 	C	0.016	-	0.0 	chrMT 	3492
A 	-	0.0	-	0.0 	-	0.0	-	0.0 	chrMT 	3505
G 	-	0.0	-	0.0 	-	0.0	-	0.0 	chrMT 	3531
G 	A	0.005	-	0.0 	-	0.0	-	0.0 	chrMT 	3538
T 	-	0.0	-	0.0 	-	0.0	-	0.0 	chrMT 	3594
T 	C	0.003	-	0.0 	-	0.0	-	0.0 	chrMT 	3599
T 	-	0.0	-	0.0 	-	0.0	-	0.0 	chrMT 	3605
A 	-	0.0	-	0.0 	-	0.0	-	0.0 	chrMT 	3615
A 	-	0.0	-	0.0 	-	0.0	-	0.0 	chrMT 	3628
G 	-	0.0	-	0.0 	-	0.0	-	0.0 	chrMT 	3643
T 	-	0.0	-	0.0 	-	0.0	-	0.0 	chrMT 	3653
G 	A	0.003	-	0.0 	-	0.0	-	0.0 	chrMT 	3745
G 	-	0.0	-	0.0 	-	0.0	-	0.0 	chrMT 	3842
T 	-	0.0	-	0.0 	-	0.0	-	0.0 	chrMT 	3866
A 	-	0.0	-	0.0 	-	0.0	-	0.0 	chrMT 	3887
C 	-	0.0	-	0.0 	-	0.0	-	0.0 	chrMT 	3908
G 	A	0.998	-	0.0 	A	0.998	-	0.0 	chrMT 	3918
C 	T	0.002	-	0.0 	-	0.0	-	0.0 	chrMT 	3984
C 	-	0.0	-	0.0 	G	0.001	-	0.0 	chrMT 	4013
T 	-	0.0	-	0.0 	-	0.0	-	0.0 	chrMT 	4057
T 	-	0.0	-	0.0 	C	0.001	-	0.0 	chrMT 	4082
G 	-	0.0	-	0.0 	-	0.0	-	0.0 	chrMT 	4104
C 	-	0.0	-	0.0 	-	0.0	-	0.0 	chrMT 	4106
T 	C	0.003	-	0.0 	-	0.0	-	0.0 	chrMT 	4193
T 	-	0.0	-	0.0 	-	0.0	-	0.0 	chrMT 	4247
T 	-	0.0	-	0.0 	-	0.0	-	0.0 	chrMT 	4248
A 	-	0.0	-	0.0 	C	0.002	-	0.0 	chrMT 	4269
G 	A	0.005	-	0.0 	-	0.0	-	0.0 	chrMT 	4296
T 	-	0.0	-	0.0 	-	0.0	-	0.0 	chrMT 	4312
A 	G	0.002	-	0.0 	-	0.0	-	0.0 	chrMT 	4435
T 	C	0.005	-	0.0 	-	0.0	-	0.0 	chrMT 	4492
A 	T	0.997	-	0.0 	T	0.997	-	0.0 	chrMT 	4529
CA 	-	0.0	-	0.0 	-	0.0	-	0.0 	chrMT 	4604
G 	-	0.0	-	0.0 	-	0.0	-	0.0 	chrMT 	4665
A 	G	0.003	-	0.0 	-	0.0	-	0.0 	chrMT 	4793
A 	-	0.0	-	0.0 	-	0.0	-	0.0 	chrMT 	4824
A 	-	0.0	-	0.0 	-	0.0	-	0.0 	chrMT 	4871
C 	-	0.0	-	0.0 	-	0.0	-	0.0 	chrMT 	4906
TCA 	-	0.0	-	0.0 	-	0.0	-	0.0 	chrMT 	4941
T 	-	0.0	-	0.0 	C	0.001	-	0.0 	chrMT 	4954
G 	-	0.0	-	0.0 	-	0.0	-	0.0 	chrMT 	5046
T 	C	0.999	-	0.0 	C	0.999	-	0.0 	chrMT 	5074
T 	C	0.999	-	0.0 	-	0.0	-	0.0 	chrMT 	5096
A 	-	0.0	-	0.0 	G	0.001	-	0.0 	chrMT 	5148
A 	-	0.0	-	0.0 	G	0.001	-	0.0 	chrMT 	5159
A 	-	0.0	-	0.0 	-	0.0	-	0.0 	chrMT 	5208
T 	-	0.0	-	0.0 	-	0.0	-	0.0 	chrMT 	5277
A 	-	0.0	-	0.0 	-	0.0	-	0.0 	chrMT 	5325
T 	C	0.004	-	0.0 	-	0.0	-	0.0 	chrMT 	5329
T 	C	0.002	-	0.0 	-	0.0	-	0.0 	chrMT 	5383
G 	-	0.0	-	0.0 	-	0.0	-	0.0 	chrMT 	5460
A 	-	0.0	-	0.0 	-	0.0	-	0.0 	chrMT 	5480
A 	-	0.0	-	0.0 	-	0.0	-	0.0 	chrMT 	5484
T 	-	0.0	-	0.0 	-	0.0	-	0.0 	chrMT 	5700
GA 	-	0.0	-	0.0 	G	0.002	-	0.0 	chrMT 	5746
C 	T	0.018	-	0.0 	-	0.0	-	0.0 	chrMT 	5764
G 	A	0.004	-	0.0 	-	0.0	-	0.0 	chrMT 	5822
A 	-	0.0	-	0.0 	-	0.0	-	0.0 	chrMT 	5843
T 	C	0.003	-	0.0 	-	0.0	-	0.0 	chrMT 	5870
A 	-	0.0	-	0.0 	-	0.0	-	0.0 	chrMT 	5894
G 	A	0.002	-	0.0 	-	0.0	-	0.0 	chrMT 	6037
A 	-	0.0	-	0.0 	-	0.0	-	0.0 	chrMT 	6212
C 	-	0.0	-	0.0 	-	0.0	-	0.0 	chrMT 	6226
A 	-	0.0	-	0.0 	G	0.001	-	0.0 	chrMT 	6259
T 	-	0.0	-	0.0 	-	0.0	-	0.0 	chrMT 	6293
G 	-	0.0	-	0.0 	-	0.0	-	0.0 	chrMT 	6333
G 	-	0.0	-	0.0 	C	0.001	-	0.0 	chrMT 	6364
A 	-	0.0	-	0.0 	-	0.0	-	0.0 	chrMT 	6419
T 	-	0.0	-	0.0 	-	0.0	-	0.0 	chrMT 	6481
A 	-	0.0	-	0.0 	-	0.0	-	0.0 	chrMT 	6494
T 	-	0.0	-	0.0 	-	0.0	-	0.0 	chrMT 	6499
C 	-	0.0	-	0.0 	-	0.0	-	0.0 	chrMT 	6540
T 	-	0.0	-	0.0 	C	0.001	-	0.0 	chrMT 	6620
GA 	-	0.0	-	0.0 	G	0.001	-	0.0 	chrMT 	6691
G 	A	0.003	-	0.0 	-	0.0	-	0.0 	chrMT 	6718
T 	-	0.0	-	0.0 	C	0.001	-	0.0 	chrMT 	6719
T 	-	0.0	-	0.0 	-	0.0	-	0.0 	chrMT 	6756
G 	-	0.0	-	0.0 	-	0.0	-	0.0 	chrMT 	6825
A 	G	0.002	-	0.0 	-	0.0	-	0.0 	chrMT 	6886
G 	-	0.0	-	0.0 	-	0.0	-	0.0 	chrMT 	6924
T 	-	0.0	-	0.0 	C	0.001	-	0.0 	chrMT 	6933
T 	-	0.0	-	0.0 	C	0.002	-	0.0 	chrMT 	6975
C 	-	0.0	-	0.0 	-	0.0	-	0.0 	chrMT 	7012
T 	-	0.0	-	0.0 	C	0.001	-	0.0 	chrMT 	7021
T 	-	0.0	-	0.0 	-	0.0	-	0.0 	chrMT 	7042
A 	-	0.0	-	0.0 	-	0.0	-	0.0 	chrMT 	7106
G 	-	0.0	-	0.0 	-	0.0	-	0.0 	chrMT 	7146
A 	-	0.0	-	0.0 	-	0.0	-	0.0 	chrMT 	7158
T 	-	0.0	-	0.0 	-	0.0	-	0.0 	chrMT 	7210
T 	-	0.0	-	0.0 	-	0.0	-	0.0 	chrMT 	7256
T 	C	0.003	-	0.0 	-	0.0	-	0.0 	chrMT 	7263
A 	-	0.0	-	0.0 	-	0.0	-	0.0 	chrMT 	7281
A 	G	0.003	-	0.0 	-	0.0	-	0.0 	chrMT 	7364
A 	-	0.0	-	0.0 	-	0.0	-	0.0 	chrMT 	7521
T 	-	0.0	-	0.0 	-	0.0	-	0.0 	chrMT 	7560
G 	-	0.0	-	0.0 	-	0.0	-	0.0 	chrMT 	7566
A 	-	0.0	-	0.0 	-	0.0	-	0.0 	chrMT 	7571
T 	-	0.0	-	0.0 	C	0.001	-	0.0 	chrMT 	7609
T 	-	0.0	-	0.0 	-	0.0	-	0.0 	chrMT 	7741
G 	-	0.0	-	0.0 	-	0.0	-	0.0 	chrMT 	7830
G 	-	0.0	-	0.0 	A	0.001	-	0.0 	chrMT 	7850
T 	-	0.0	-	0.0 	C	0.001	-	0.0 	chrMT 	7854
T 	C	0.002	-	0.0 	-	0.0	-	0.0 	chrMT 	7861
A 	G	0.002	-	0.0 	-	0.0	-	0.0 	chrMT 	7904
G 	-	0.0	-	0.0 	A	0.001	-	0.0 	chrMT 	7925
T 	-	0.0	-	0.0 	-	0.0	-	0.0 	chrMT 	7998
G 	-	0.0	-	0.0 	-	0.0	-	0.0 	chrMT 	8027
T 	C	0.01	-	0.0 	-	0.0	-	0.0 	chrMT 	8079
T 	-	0.0	-	0.0 	C	0.001	-	0.0 	chrMT 	8109
G 	A	0.993	-	0.0 	A	0.993	-	0.0 	chrMT 	8251
T 	C	0.003	-	0.0 	-	0.0	-	0.0 	chrMT 	8415
T 	-	0.0	-	0.0 	-	0.0	-	0.0 	chrMT 	8468
T 	-	0.0	-	0.0 	-	0.0	-	0.0 	chrMT 	8655
A 	-	0.0	-	0.0 	-	0.0	-	0.0 	chrMT 	8694
T 	-	0.0	-	0.0 	C	0.002	-	0.0 	chrMT 	8699
G 	A	0.999	-	0.0 	A	0.996	-	0.0 	chrMT 	8701
G 	-	0.0	-	0.0 	-	0.0	-	0.0 	chrMT 	8723
A 	G	0.998	-	0.0 	-	0.0	-	0.0 	chrMT 	8742
C 	-	0.0	-	0.0 	-	0.0	-	0.0 	chrMT 	8794
T 	-	0.0	-	0.0 	-	0.0	-	0.0 	chrMT 	8864
A 	G	0.002	-	0.0 	-	0.0	-	0.0 	chrMT 	8962
T 	-	0.0	-	0.0 	-	0.0	-	0.0 	chrMT 	8975
G 	-	0.0	-	0.0 	-	0.0	-	0.0 	chrMT 	8994
T 	-	0.0	-	0.0 	-	0.0	-	0.0 	chrMT 	9187
G 	-	0.0	-	0.0 	-	0.0	-	0.0 	chrMT 	9247
A 	G	0.988	-	0.0 	G	0.993	-	0.0 	chrMT 	9254
A 	C	0.004	-	0.0 	-	0.0	-	0.0 	chrMT 	9275
A 	-	0.0	-	0.0 	-	0.0	-	0.0 	chrMT 	9377
G 	-	0.0	-	0.0 	-	0.0	-	0.0 	chrMT 	9438
T 	-	0.0	-	0.0 	C	0.002	-	0.0 	chrMT 	9466
A 	-	0.0	-	0.0 	-	0.0	-	0.0 	chrMT 	9494
C 	-	0.0	-	0.0 	T	0.999	-	0.0 	chrMT 	9540
G 	A	0.003	-	0.0 	-	0.0	-	0.0 	chrMT 	9546
A 	-	0.0	-	0.0 	-	0.0	-	0.0 	chrMT 	9632
A 	-	0.0	-	0.0 	-	0.0	-	0.0 	chrMT 	9726
G 	A	0.002	-	0.0 	-	0.0	-	0.0 	chrMT 	9804
T 	-	0.0	-	0.0 	-	0.0	-	0.0 	chrMT 	9823
G 	-	0.0	-	0.0 	-	0.0	-	0.0 	chrMT 	9932
T 	-	0.0	-	0.0 	-	0.0	-	0.0 	chrMT 	9967
A 	-	0.0	-	0.0 	-	0.0	-	0.0 	chrMT 	9972
T 	C	0.999	-	0.0 	C	0.999	-	0.0 	chrMT 	10034
G 	-	0.0	-	0.0 	-	0.0	-	0.0 	chrMT 	10176
T 	C	0.996	-	0.0 	C	0.999	-	0.0 	chrMT 	10238
G 	-	0.0	-	0.0 	-	0.0	-	0.0 	chrMT 	10254
A 	C	0.01	-	0.0 	C	0.009	-	0.0 	chrMT 	10277
A 	C	0.028	-	0.0 	C	0.03	-	0.0 	chrMT 	10306
G 	A	0.004	-	0.0 	-	0.0	-	0.0 	chrMT 	10398
A 	-	0.0	-	0.0 	-	0.0	-	0.0 	chrMT 	10524
A 	-	0.0	-	0.0 	-	0.0	-	0.0 	chrMT 	10548
G 	-	0.0	-	0.0 	A	0.001	-	0.0 	chrMT 	10646
T 	C	0.999	-	0.0 	-	0.0	-	0.0 	chrMT 	10664
A 	G	0.999	-	0.0 	G	0.997	-	0.0 	chrMT 	10688
A 	-	0.0	-	0.0 	-	0.0	-	0.0 	chrMT 	10804
A 	-	0.0	-	0.0 	-	0.0	-	0.0 	chrMT 	10807
C 	-	0.0	-	0.0 	T	0.998	-	0.0 	chrMT 	10810
C 	-	0.0	-	0.0 	T	0.998	-	0.0 	chrMT 	10873
A 	-	0.0	-	0.0 	-	0.0	-	0.0 	chrMT 	10899
T 	C	0.002	-	0.0 	-	0.0	-	0.0 	chrMT 	10913
C 	-	0.0	-	0.0 	-	0.0	-	0.0 	chrMT 	10915
G 	-	0.0	-	0.0 	-	0.0	-	0.0 	chrMT 	10934
AC 	-	0.0	-	0.0 	-	0.0	-	0.0 	chrMT 	10946
T 	-	0.0	-	0.0 	-	0.0	-	0.0 	chrMT 	10953
A 	-	0.0	-	0.0 	C	0.001	-	0.0 	chrMT 	10967
C 	-	0.0	-	0.0 	-	0.0	-	0.0 	chrMT 	11022
GA 	G	0.005	-	0.0 	G	0.004	-	0.0 	chrMT 	11031
A 	-	0.0	-	0.0 	-	0.0	-	0.0 	chrMT 	11057
T 	C	0.005	-	0.0 	-	0.0	-	0.0 	chrMT 	11165
A 	-	0.0	-	0.0 	G	0.001	-	0.0 	chrMT 	11167
T 	C	0.003	-	0.0 	-	0.0	-	0.0 	chrMT 	11228
A 	-	0.0	-	0.0 	G	0.001	-	0.0 	chrMT 	11311
A 	-	0.0	-	0.0 	-	0.0	-	0.0 	chrMT 	11334
A 	G	0.002	-	0.0 	-	0.0	-	0.0 	chrMT 	11380
G 	-	0.0	-	0.0 	-	0.0	-	0.0 	chrMT 	11391
A 	-	0.0	-	0.0 	-	0.0	-	0.0 	chrMT 	11418
T 	-	0.0	-	0.0 	-	0.0	-	0.0 	chrMT 	11448
G 	-	0.0	-	0.0 	-	0.0	-	0.0 	chrMT 	11475
A 	-	0.0	-	0.0 	G	0.001	-	0.0 	chrMT 	11481
G 	-	0.0	-	0.0 	-	0.0	-	0.0 	chrMT 	11484
G 	-	0.0	-	0.0 	-	0.0	-	0.0 	chrMT 	11518
T 	-	0.0	-	0.0 	-	0.0	-	0.0 	chrMT 	11565
T 	-	0.0	-	0.0 	C	0.001	-	0.0 	chrMT 	11579
C 	-	0.0	-	0.0 	-	0.0	-	0.0 	chrMT 	11623
C 	-	0.0	-	0.0 	-	0.0	-	0.0 	chrMT 	11674
T 	-	0.0	-	0.0 	C	0.001	-	0.0 	chrMT 	11809
A 	-	0.0	-	0.0 	-	0.0	-	0.0 	chrMT 	11914
A 	-	0.0	-	0.0 	-	0.0	-	0.0 	chrMT 	11947
C 	T	0.002	-	0.0 	-	0.0	-	0.0 	chrMT 	11971
T 	-	0.0	-	0.0 	-	0.0	-	0.0 	chrMT 	11978
T 	-	0.0	-	0.0 	-	0.0	-	0.0 	chrMT 	11992
G 	-	0.0	-	0.0 	-	0.0	-	0.0 	chrMT 	12007
A 	-	0.0	-	0.0 	-	0.0	-	0.0 	chrMT 	12059
A 	-	0.0	-	0.0 	G	0.001	-	0.0 	chrMT 	12100
T 	C	0.019	-	0.0 	C	0.018	-	0.0 	chrMT 	12130
T 	C	0.002	-	0.0 	-	0.0	-	0.0 	chrMT 	12143
G 	A	0.012	-	0.0 	-	0.0	-	0.0 	chrMT 	12186
G 	-	0.0	-	0.0 	-	0.0	-	0.0 	chrMT 	12192
A 	-	0.0	-	0.0 	-	0.0	-	0.0 	chrMT 	12242
A 	T	0.002	-	0.0 	-	0.0	-	0.0 	chrMT 	12382
T 	-	0.0	-	0.0 	-	0.0	-	0.0 	chrMT 	12414
CA 	CAA	0.004	-	0.0 	CAA	0.003	C	0.006 	chrMT 	12417
A 	-	0.0	-	0.0 	-	0.0	-	0.0 	chrMT 	12463
A 	-	0.0	-	0.0 	T	0.001	-	0.0 	chrMT 	12475
T 	C	0.005	-	0.0 	-	0.0	-	0.0 	chrMT 	12477
G 	A	0.997	-	0.0 	A	0.997	-	0.0 	chrMT 	12501
T 	-	0.0	-	0.0 	-	0.0	-	0.0 	chrMT 	12524
T 	-	0.0	-	0.0 	-	0.0	-	0.0 	chrMT 	12643
G 	C	0.002	-	0.0 	-	0.0	-	0.0 	chrMT 	12756
G 	-	0.0	-	0.0 	-	0.0	-	0.0 	chrMT 	12823
T 	-	0.0	-	0.0 	-	0.0	-	0.0 	chrMT 	12842
T 	-	0.0	-	0.0 	-	0.0	-	0.0 	chrMT 	12879
A 	G	0.002	-	0.0 	-	0.0	-	0.0 	chrMT 	12967
G 	-	0.0	-	0.0 	-	0.0	-	0.0 	chrMT 	13031
G 	-	0.0	-	0.0 	-	0.0	-	0.0 	chrMT 	13052
A 	-	0.0	-	0.0 	T	0.001	-	0.0 	chrMT 	13062
T 	-	0.0	-	0.0 	-	0.0	-	0.0 	chrMT 	13094
G 	-	0.0	-	0.0 	-	0.0	-	0.0 	chrMT 	13096
G 	A	0.998	-	0.0 	A	0.997	-	0.0 	chrMT 	13105
T 	-	0.0	-	0.0 	-	0.0	-	0.0 	chrMT 	13115
T 	-	0.0	-	0.0 	-	0.0	-	0.0 	chrMT 	13154
A 	-	0.0	-	0.0 	G	0.001	-	0.0 	chrMT 	13269
G 	-	0.0	-	0.0 	A	0.999	-	0.0 	chrMT 	13276
T 	-	0.0	-	0.0 	-	0.0	-	0.0 	chrMT 	13312
A 	-	0.0	-	0.0 	G	0.001	-	0.0 	chrMT 	13327
G 	-	0.0	-	0.0 	-	0.0	-	0.0 	chrMT 	13359
T 	-	0.0	-	0.0 	C	0.002	-	0.0 	chrMT 	13369
A 	-	0.0	-	0.0 	-	0.0	-	0.0 	chrMT 	13375
C 	-	0.0	-	0.0 	-	0.0	-	0.0 	chrMT 	13438
T 	-	0.0	-	0.0 	-	0.0	-	0.0 	chrMT 	13450
G 	-	0.0	-	0.0 	-	0.0	-	0.0 	chrMT 	13498
T 	-	0.0	-	0.0 	C	0.999	-	0.0 	chrMT 	13506
A 	-	0.0	-	0.0 	-	0.0	-	0.0 	chrMT 	13533
A 	G	0.002	-	0.0 	-	0.0	-	0.0 	chrMT 	13563
T 	-	0.0	-	0.0 	-	0.0	-	0.0 	chrMT 	13635
T 	-	0.0	-	0.0 	-	0.0	-	0.0 	chrMT 	13650
A 	-	0.0	-	0.0 	G	0.003	-	0.0 	chrMT 	13676
A 	G	0.008	-	0.0 	-	0.0	-	0.0 	chrMT 	13722
A 	G	0.998	-	0.0 	-	0.0	-	0.0 	chrMT 	13780
A 	-	0.0	-	0.0 	-	0.0	-	0.0 	chrMT 	13790
T 	-	0.0	-	0.0 	-	0.0	-	0.0 	chrMT 	13812
A 	-	0.0	-	0.0 	-	0.0	-	0.0 	chrMT 	13816
A 	-	0.0	-	0.0 	-	0.0	-	0.0 	chrMT 	13836
A 	-	0.0	-	0.0 	G	0.001	-	0.0 	chrMT 	13850
T 	-	0.0	-	0.0 	-	0.0	-	0.0 	chrMT 	13879
T 	-	0.0	-	0.0 	-	0.0	-	0.0 	chrMT 	13888
A 	-	0.0	-	0.0 	-	0.0	-	0.0 	chrMT 	13997
T 	C	0.999	-	0.0 	C	0.999	-	0.0 	chrMT 	14088
C 	-	0.0	-	0.0 	-	0.0	-	0.0 	chrMT 	14103
T 	-	0.0	-	0.0 	-	0.0	-	0.0 	chrMT 	14107
T 	C	0.004	-	0.0 	-	0.0	-	0.0 	chrMT 	14154
A 	-	0.0	-	0.0 	G	0.001	-	0.0 	chrMT 	14177
A 	G	0.996	-	0.0 	G	0.999	-	0.0 	chrMT 	14233
T 	C	0.002	-	0.0 	-	0.0	-	0.0 	chrMT 	14261
T 	C	0.002	-	0.0 	-	0.0	-	0.0 	chrMT 	14316
A 	-	0.0	-	0.0 	G	0.001	-	0.0 	chrMT 	14333
A 	-	0.0	-	0.0 	C	0.002	-	0.0 	chrMT 	14339
A 	G	0.002	-	0.0 	-	0.0	-	0.0 	chrMT 	14424
G 	-	0.0	-	0.0 	-	0.0	-	0.0 	chrMT 	14438
A 	-	0.0	-	0.0 	G	0.002	-	0.0 	chrMT 	14480
T 	-	0.0	-	0.0 	-	0.0	-	0.0 	chrMT 	14530
A 	-	0.0	-	0.0 	-	0.0	-	0.0 	chrMT 	14661
G 	-	0.0	-	0.0 	-	0.0	-	0.0 	chrMT 	14663
A 	-	0.0	-	0.0 	G	0.001	-	0.0 	chrMT 	14758
T 	-	0.0	-	0.0 	-	0.0	-	0.0 	chrMT 	14798
G 	-	0.0	-	0.0 	-	0.0	-	0.0 	chrMT 	14804
A 	G	0.004	-	0.0 	-	0.0	-	0.0 	chrMT 	14813
C 	-	0.0	-	0.0 	-	0.0	-	0.0 	chrMT 	14817
T 	-	0.0	-	0.0 	-	0.0	-	0.0 	chrMT 	14826
T 	-	0.0	-	0.0 	-	0.0	-	0.0 	chrMT 	14991
C 	-	0.0	-	0.0 	T	0.002	-	0.0 	chrMT 	15025
T 	-	0.0	-	0.0 	-	0.0	-	0.0 	chrMT 	15027
G 	A	0.998	-	0.0 	-	0.0	-	0.0 	chrMT 	15043
T 	-	0.0	-	0.0 	-	0.0	-	0.0 	chrMT 	15055
G 	-	0.0	-	0.0 	-	0.0	-	0.0 	chrMT 	15150
T 	-	0.0	-	0.0 	-	0.0	-	0.0 	chrMT 	15180
T 	-	0.0	-	0.0 	-	0.0	-	0.0 	chrMT 	15270
T 	-	0.0	-	0.0 	-	0.0	-	0.0 	chrMT 	15288
A 	-	0.0	-	0.0 	G	0.001	-	0.0 	chrMT 	15510
A 	-	0.0	-	0.0 	G	0.001	-	0.0 	chrMT 	15525
A 	-	0.0	-	0.0 	C	0.001	-	0.0 	chrMT 	15536
G 	-	0.0	-	0.0 	-	0.0	-	0.0 	chrMT 	15596
T 	C	0.002	-	0.0 	C	0.001	-	0.0 	chrMT 	15639
G 	-	0.0	-	0.0 	-	0.0	-	0.0 	chrMT 	15650
A 	-	0.0	-	0.0 	G	0.002	-	0.0 	chrMT 	15758
A 	G	0.002	-	0.0 	G	0.001	-	0.0 	chrMT 	15769
T 	-	0.0	-	0.0 	-	0.0	-	0.0 	chrMT 	15795
G 	-	0.0	-	0.0 	-	0.0	-	0.0 	chrMT 	15884
A 	-	0.0	-	0.0 	-	0.0	-	0.0 	chrMT 	15914
A 	-	0.0	-	0.0 	G	0.999	-	0.0 	chrMT 	15924
A 	-	0.0	-	0.0 	-	0.0	-	0.0 	chrMT 	15999
G 	-	0.0	-	0.0 	-	0.0	-	0.0 	chrMT 	16023
G 	-	0.0	-	0.0 	-	0.0	-	0.0 	chrMT 	16035
T 	C	0.004	-	0.0 	C	0.003	-	0.0 	chrMT 	16086
T 	C	0.971	-	0.0 	C	0.983	-	0.0 	chrMT 	16092
T 	-	0.0	-	0.0 	C	0.002	-	0.0 	chrMT 	16094
T 	-	0.0	-	0.0 	C	0.002	-	0.0 	chrMT 	16102
C 	-	0.0	-	0.0 	-	0.0	-	0.0 	chrMT 	16111
A 	-	0.0	-	0.0 	-	0.0	-	0.0 	chrMT 	16129
T 	-	0.0	-	0.0 	-	0.0	-	0.0 	chrMT 	16136
C 	T	0.999	-	0.0 	T	0.998	-	0.0 	chrMT 	16148
G 	A	0.003	-	0.0 	-	0.0	-	0.0 	chrMT 	16156
T 	C	0.999	-	0.0 	C	0.996	-	0.0 	chrMT 	16187
C 	T	0.999	-	0.0 	T	0.999	-	0.0 	chrMT 	16189
G 	A	0.999	-	0.0 	A	0.997	-	0.0 	chrMT 	16230
A 	-	0.0	-	0.0 	-	0.0	-	0.0 	chrMT 	16240
C 	-	0.0	-	0.0 	-	0.0	-	0.0 	chrMT 	16260
T 	-	0.0	-	0.0 	C	0.999	-	0.0 	chrMT 	16278
T 	-	0.0	-	0.0 	C	0.001	-	0.0 	chrMT 	16288
C 	-	0.0	-	0.0 	-	0.0	-	0.0 	chrMT 	16290
A 	-	0.0	-	0.0 	-	0.0	-	0.0 	chrMT 	16293
C 	-	0.0	-	0.0 	T	0.996	-	0.0 	chrMT 	16311
A 	-	0.0	-	0.0 	-	0.0	-	0.0 	chrMT 	16318
G 	-	0.0	-	0.0 	-	0.0	-	0.0 	chrMT 	16319
C 	T	0.998	-	0.0 	T	0.998	-	0.0 	chrMT 	16354
T 	-	0.0	-	0.0 	-	0.0	-	0.0 	chrMT 	16362
G 	A	0.995	-	0.0 	A	0.994	-	0.0 	chrMT 	16391
C 	T	0.01	-	0.0 	-	0.0	-	0.0 	chrMT 	16519
