CHROM	POS	REF 	chrM.CAP1727A7-041814-4-S-DEPTH	chrM.CAP1727A7-041814-4-S-ALT1	chrM.CAP1727A7-041814-4-S-VAF1	chrM.CAP1727A7-041814-4-S-ALT2	chrM.CAP1727A7-041814-4-S-VAF2 	chrM.CAP1727A6-041814-4-N.sorted.nodup-DEPTH	chrM.CAP1727A6-041814-4-N.sorted.nodup-ALT1	chrM.CAP1727A6-041814-4-N.sorted.nodup-VAF1	chrM.CAP1727A6-041814-4-N.sorted.nodup-ALT2	chrM.CAP1727A6-041814-4-N.sorted.nodup-VAF2
chrMT 	65 	TG 	0.0	0	0.0	0	0.0 	2537	T	0.003	0	0.0
chrMT 	143 	G 	893	A	0.989	0	0.0 	2592	A	0.997	0	0.0
chrMT 	146 	C 	891	T	0.992	0	0.0 	2612	T	0.998	0	0.0
chrMT 	152 	C 	1021	T	0.014	0	0.0 	2737	T	0.002	0	0.0
chrMT 	189 	A 	367	G	0.924	0	0.0 	723	G	0.946	0	0.0
chrMT 	192 	T 	342	C	0.912	0	0.0 	608	C	0.939	0	0.0
chrMT 	194 	C 	331	T	0.927	0	0.0 	576	T	0.99	0	0.0
chrMT 	195 	C 	389	T	0.046	0	0.0 	0.0	0	0.0	0	0.0
chrMT 	196 	T 	425	C	0.955	0	0.0 	797	C	0.992	0	0.0
chrMT 	199 	T 	623	C	0.027	0	0.0 	0.0	0	0.0	0	0.0
chrMT 	204 	T 	650	C	0.994	0	0.0 	0.0	0	0.0	0	0.0
chrMT 	207 	G 	684	A	0.972	0	0.0 	1543	A	0.998	0	0.0
chrMT 	247 	A 	0.0	0	0.0	0	0.0 	0.0	0	0.0	0	0.0
chrMT 	250 	T 	842	C	0.014	0	0.0 	0.0	0	0.0	0	0.0
chrMT 	302 	A 	649	AC	0.037	C	0.016 	1589	AC	0.026	C	0.012
chrMT 	309 	C 	955	CCT	0.008	0	0.0 	2496	CCT	0.006	0	0.0
chrMT 	310 	T 	1913	TC	0.689	C	0.12 	3333	TC	0.567	C	0.13
chrMT 	315 	C 	0.0	0	0.0	0	0.0 	2809	CC	0.002	0	0.0
chrMT 	316 	G 	935	C	0.011	0	0.0 	2359	C	0.004	GC	0.018
chrMT 	318 	T 	0.0	0	0.0	0	0.0 	2538	TC	0.002	0	0.0
chrMT 	321 	T 	0.0	0	0.0	0	0.0 	2420	TC	0.002	0	0.0
chrMT 	368 	A 	0.0	0	0.0	0	0.0 	2783	G	0.002	0	0.0
chrMT 	385 	A 	1066	G	0.01	0	0.0 	0.0	0	0.0	0	0.0
chrMT 	522 	CNN 	1839	C	0.207	0	0.0 	2795	C	0.135	0	0.0
chrMT 	523 	N 	1319	A	0.995	C	0.005 	2186	A	0.995	C	0.005
chrMT 	524 	N 	1459	C	0.999	0	0.0 	2418	C	0.999	0	0.0
chrMT 	709 	G 	1547	A	0.985	0	0.0 	3047	A	0.996	0	0.0
chrMT 	769 	A 	0.0	0	0.0	0	0.0 	0.0	0	0.0	0	0.0
chrMT 	825 	A 	1541	T	0.999	0	0.0 	0.0	0	0.0	0	0.0
chrMT 	827 	A 	0.0	0	0.0	0	0.0 	3708	G	0.002	0	0.0
chrMT 	875 	T 	0.0	0	0.0	0	0.0 	3129	C	0.002	0	0.0
chrMT 	1018 	A 	0.0	0	0.0	0	0.0 	0.0	0	0.0	0	0.0
chrMT 	1082 	A 	1567	G	0.004	0	0.0 	0.0	0	0.0	0	0.0
chrMT 	1240 	A 	1570	C	0.004	0	0.0 	0.0	0	0.0	0	0.0
chrMT 	1243 	T 	1932	C	0.991	0	0.0 	3535	C	0.999	0	0.0
chrMT 	1301 	G 	0.0	0	0.0	0	0.0 	4431	C	0.001	0	0.0
chrMT 	1368 	T 	1933	C	0.003	0	0.0 	0.0	0	0.0	0	0.0
chrMT 	1423 	A 	0.0	0	0.0	0	0.0 	3887	G	0.002	0	0.0
chrMT 	1558 	A 	0.0	0	0.0	0	0.0 	3237	G	0.002	0	0.0
chrMT 	1719 	G 	1615	A	0.006	0	0.0 	0.0	0	0.0	0	0.0
chrMT 	2129 	GA 	1086	G	0.006	0	0.0 	0.0	0	0.0	0	0.0
chrMT 	2402 	A 	1678	G	0.003	0	0.0 	0.0	0	0.0	0	0.0
chrMT 	2487 	A 	549	C	0.018	0	0.0 	986	C	0.013	0	0.0
chrMT 	2528 	G 	1508	A	0.004	0	0.0 	0.0	0	0.0	0	0.0
chrMT 	2540 	C 	0.0	0	0.0	0	0.0 	3272	G	0.002	0	0.0
chrMT 	2596 	G 	1873	A	0.004	0	0.0 	0.0	0	0.0	0	0.0
chrMT 	2623 	A 	0.0	0	0.0	0	0.0 	3729	G	0.003	0	0.0
chrMT 	2626 	T 	0.0	0	0.0	0	0.0 	3728	C	0.001	0	0.0
chrMT 	2652 	G 	0.0	0	0.0	0	0.0 	3649	GC	0.002	0	0.0
chrMT 	2758 	A 	0.0	0	0.0	0	0.0 	0.0	0	0.0	0	0.0
chrMT 	2885 	C 	1666	T	0.997	0	0.0 	3417	T	0.998	0	0.0
chrMT 	2960 	T 	0.0	0	0.0	0	0.0 	3528	C	0.002	0	0.0
chrMT 	3033 	T 	1527	C	0.004	0	0.0 	0.0	0	0.0	0	0.0
chrMT 	3038 	T 	1588	C	0.003	0	0.0 	3727	C	0.003	0	0.0
chrMT 	3106 	CN 	2626	C	0.73	0	0.0 	4624	C	0.623	0	0.0
chrMT 	3107 	N 	88	C	0.193	T	0.807 	183	C	0.339	T	0.661
chrMT 	3108 	TT 	0.0	0	0.0	0	0.0 	3438	T	0.001	0	0.0
chrMT 	3110 	CA 	0.0	0	0.0	0	0.0 	3557	C	0.002	0	0.0
chrMT 	3111 	AA 	0.0	0	0.0	0	0.0 	3576	A	0.001	0	0.0
chrMT 	3115 	TC 	0.0	0	0.0	0	0.0 	3556	T	0.002	0	0.0
chrMT 	3143 	T 	1678	C	0.007	0	0.0 	0.0	0	0.0	0	0.0
chrMT 	3178 	T 	1882	C	0.003	0	0.0 	0.0	0	0.0	0	0.0
chrMT 	3242 	G 	0.0	0	0.0	0	0.0 	3502	A	0.002	0	0.0
chrMT 	3244 	G 	0.0	0	0.0	0	0.0 	3602	A	0.002	0	0.0
chrMT 	3488 	T 	0.0	0	0.0	0	0.0 	2436	A	0.003	0	0.0
chrMT 	3492 	A 	901	C	0.022	0	0.0 	1807	C	0.019	0	0.0
chrMT 	3505 	A 	1624	G	0.994	0	0.0 	3583	G	0.998	0	0.0
chrMT 	3531 	G 	1738	A	0.992	0	0.0 	3731	A	0.997	0	0.0
chrMT 	3594 	T 	0.0	0	0.0	0	0.0 	0.0	0	0.0	0	0.0
chrMT 	3605 	T 	1846	C	0.003	0	0.0 	0.0	0	0.0	0	0.0
chrMT 	3615 	A 	1893	G	0.006	0	0.0 	0.0	0	0.0	0	0.0
chrMT 	3887 	A 	0.0	0	0.0	0	0.0 	3905	G	0.001	0	0.0
chrMT 	3918 	G 	1747	A	0.005	0	0.0 	0.0	0	0.0	0	0.0
chrMT 	4057 	T 	1680	C	0.003	0	0.0 	0.0	0	0.0	0	0.0
chrMT 	4104 	G 	0.0	0	0.0	0	0.0 	0.0	0	0.0	0	0.0
chrMT 	4312 	T 	0.0	0	0.0	0	0.0 	0.0	0	0.0	0	0.0
chrMT 	4529 	A 	1833	T	0.003	0	0.0 	0.0	0	0.0	0	0.0
chrMT 	5046 	G 	1575	A	0.991	0	0.0 	2890	A	0.999	0	0.0
chrMT 	5074 	T 	1438	C	0.006	0	0.0 	0.0	0	0.0	0	0.0
chrMT 	5096 	T 	1369	C	0.006	0	0.0 	0.0	0	0.0	0	0.0
chrMT 	5208 	A 	0.0	0	0.0	0	0.0 	2295	C	0.002	0	0.0
chrMT 	5325 	A 	0.0	0	0.0	0	0.0 	3300	C	0.002	0	0.0
chrMT 	5460 	G 	1726	A	0.991	0	0.0 	2741	A	0.997	0	0.0
chrMT 	5746 	GA 	1283	G	0.006	0	0.0 	2352	G	0.004	0	0.0
chrMT 	5764 	C 	1185	T	0.014	0	0.0 	0.0	0	0.0	0	0.0
chrMT 	5843 	A 	0.0	0	0.0	0	0.0 	3636	G	0.002	0	0.0
chrMT 	5894 	A 	1343	AC	0.004	0	0.0 	0.0	0	0.0	0	0.0
chrMT 	6364 	G 	0.0	0	0.0	0	0.0 	3574	C	0.002	0	0.0
chrMT 	6481 	T 	1705	C	0.007	0	0.0 	0.0	0	0.0	0	0.0
chrMT 	6494 	A 	0.0	0	0.0	0	0.0 	3705	G	0.001	0	0.0
chrMT 	6691 	GA 	1654	G	0.005	0	0.0 	3335	G	0.001	0	0.0
chrMT 	6756 	T 	0.0	0	0.0	0	0.0 	3392	C	0.001	0	0.0
chrMT 	6924 	G 	1524	A	0.007	0	0.0 	0.0	0	0.0	0	0.0
chrMT 	7042 	T 	2032	C	0.003	0	0.0 	0.0	0	0.0	0	0.0
chrMT 	7146 	G 	0.0	0	0.0	0	0.0 	0.0	0	0.0	0	0.0
chrMT 	7256 	T 	0.0	0	0.0	0	0.0 	0.0	0	0.0	0	0.0
chrMT 	7521 	A 	0.0	0	0.0	0	0.0 	0.0	0	0.0	0	0.0
chrMT 	7560 	T 	1330	C	0.005	0	0.0 	0.0	0	0.0	0	0.0
chrMT 	7904 	A 	0.0	0	0.0	0	0.0 	4236	G	0.001	0	0.0
chrMT 	8251 	G 	0.0	0	0.0	0	0.0 	2643	A	0.997	0	0.0
chrMT 	8468 	T 	0.0	0	0.0	0	0.0 	0.0	0	0.0	0	0.0
chrMT 	8655 	T 	0.0	0	0.0	0	0.0 	0.0	0	0.0	0	0.0
chrMT 	8701 	G 	1696	A	0.998	0	0.0 	3639	A	0.997	0	0.0
chrMT 	8742 	A 	1488	G	0.005	0	0.0 	0.0	0	0.0	0	0.0
chrMT 	8994 	G 	1740	A	0.99	0	0.0 	3363	A	0.997	0	0.0
chrMT 	9187 	T 	1854	C	0.016	0	0.0 	3917	C	0.008	0	0.0
chrMT 	9247 	G 	1992	A	0.003	0	0.0 	0.0	0	0.0	0	0.0
chrMT 	9540 	C 	1839	T	0.999	0	0.0 	3513	T	0.999	0	0.0
chrMT 	9632 	A 	1659	G	0.005	0	0.0 	0.0	0	0.0	0	0.0
chrMT 	9932 	G 	0.0	0	0.0	0	0.0 	3727	A	0.002	0	0.0
chrMT 	10034 	T 	1035	C	0.01	0	0.0 	0.0	0	0.0	0	0.0
chrMT 	10238 	T 	1391	C	0.006	0	0.0 	0.0	0	0.0	0	0.0
chrMT 	10277 	A 	1297	C	0.015	0	0.0 	2589	C	0.009	0	0.0
chrMT 	10306 	A 	1057	C	0.036	0	0.0 	2126	C	0.025	0	0.0
chrMT 	10398 	G 	1346	A	0.995	0	0.0 	2806	A	0.999	0	0.0
chrMT 	10664 	T 	0.0	0	0.0	0	0.0 	0.0	0	0.0	0	0.0
chrMT 	10688 	A 	1953	G	0.998	0	0.0 	3879	G	0.998	0	0.0
chrMT 	10810 	C 	1434	T	0.999	0	0.0 	3098	T	0.998	0	0.0
chrMT 	10873 	C 	0.0	0	0.0	0	0.0 	3356	T	0.999	0	0.0
chrMT 	10915 	C 	0.0	0	0.0	0	0.0 	0.0	0	0.0	0	0.0
chrMT 	11031 	GA 	1468	G	0.01	0	0.0 	2876	G	0.003	0	0.0
chrMT 	11518 	G 	2144	A	0.011	0	0.0 	0.0	0	0.0	0	0.0
chrMT 	11674 	C 	1819	T	0.99	0	0.0 	3878	T	0.998	0	0.0
chrMT 	11914 	A 	2024	G	0.999	0	0.0 	4213	G	0.997	0	0.0
chrMT 	11947 	A 	2111	G	0.997	0	0.0 	4012	G	0.999	0	0.0
chrMT 	12414 	T 	1567	C	0.99	0	0.0 	3181	C	0.997	0	0.0
chrMT 	12417 	CA 	1525	CAA	0.005	C	0.005 	3127	CAA	0.005	C	0.005
chrMT 	12501 	G 	1709	A	0.007	0	0.0 	0.0	0	0.0	0	0.0
chrMT 	12842 	T 	1651	C	0.004	0	0.0 	0.0	0	0.0	0	0.0
chrMT 	13062 	A 	0.0	0	0.0	0	0.0 	3856	T	0.002	0	0.0
chrMT 	13094 	T 	0.0	0	0.0	0	0.0 	4045	C	0.001	0	0.0
chrMT 	13105 	G 	1722	A	0.995	0	0.0 	3611	A	0.998	0	0.0
chrMT 	13276 	G 	1774	A	0.998	0	0.0 	4086	A	0.999	0	0.0
chrMT 	13359 	G 	1898	A	0.003	0	0.0 	0.0	0	0.0	0	0.0
chrMT 	13506 	T 	1994	C	0.999	0	0.0 	4431	C	0.999	0	0.0
chrMT 	13650 	T 	0.0	0	0.0	0	0.0 	0.0	0	0.0	0	0.0
chrMT 	13780 	A 	1727	G	0.004	0	0.0 	0.0	0	0.0	0	0.0
chrMT 	13790 	A 	1671	G	0.004	0	0.0 	0.0	0	0.0	0	0.0
chrMT 	13812 	T 	0.0	0	0.0	0	0.0 	4376	C	0.001	0	0.0
chrMT 	13888 	T 	1422	C	0.006	0	0.0 	3015	C	0.002	0	0.0
chrMT 	14088 	T 	1589	C	0.007	0	0.0 	0.0	0	0.0	0	0.0
chrMT 	14233 	A 	1612	G	0.006	0	0.0 	0.0	0	0.0	0	0.0
chrMT 	14480 	A 	0.0	0	0.0	0	0.0 	3008	G	0.002	0	0.0
chrMT 	14663 	G 	1542	A	0.006	0	0.0 	0.0	0	0.0	0	0.0
chrMT 	15043 	G 	1768	A	0.005	0	0.0 	0.0	0	0.0	0	0.0
chrMT 	15180 	T 	1963	C	0.003	0	0.0 	0.0	0	0.0	0	0.0
chrMT 	15884 	G 	1666	C	0.994	0	0.0 	3651	C	0.999	0	0.0
chrMT 	15924 	A 	1390	G	0.004	0	0.0 	0.0	0	0.0	0	0.0
chrMT 	16129 	A 	991	G	0.992	0	0.0 	1971	G	0.996	0	0.0
chrMT 	16148 	C 	1150	T	0.011	0	0.0 	2555	T	0.005	0	0.0
chrMT 	16187 	T 	1323	C	0.998	0	0.0 	2858	C	0.999	0	0.0
chrMT 	16189 	C 	1310	T	0.998	0	0.0 	2849	T	0.998	0	0.0
chrMT 	16230 	G 	1647	A	0.999	0	0.0 	4022	A	0.999	0	0.0
chrMT 	16240 	A 	1628	C	0.016	0	0.0 	4154	C	0.02	0	0.0
chrMT 	16259 	C 	1767	G	0.003	0	0.0 	0.0	0	0.0	0	0.0
chrMT 	16278 	T 	1697	C	0.993	0	0.0 	0.0	0	0.0	0	0.0
chrMT 	16311 	C 	1513	T	0.998	0	0.0 	4189	T	0.998	0	0.0
chrMT 	16354 	C 	1923	T	0.008	0	0.0 	0.0	0	0.0	0	0.0
chrMT 	16391 	G 	1617	A	0.011	0	0.0 	0.0	0	0.0	0	0.0
